"","YBL021C","YBR083W","YBR182C","YDR043C","YDR146C","YDR253C","YDR259C","YDR310C","YDR423C","YDR463W","YEL009C","YER040W","YER169W","YFR034C","YGL013C","YGL071W","YGL162W","YGL237C","YHR084W","YHR178W","YHR206W","YIL131C","YJL056C","YKL043W","YKL062W","YKL109W","YLR131C","YLR256W","YLR451W","YML007W","YML027W","YMR021C","YNL068C","YNL314W","YOR028C","YOR344C","YOR358W","YPL038W","YPL089C","YPL139C","YPL248C","YPR065W"
"YAL007C",0,0,0,0,0,0,0,0,0,0,0,0,0,0,0,0,0,0,0,0,0,0,0,0,0,0,0,0,0,0,0,0,0,0,0,0.0138178844475698,0,0,0,0,0,0
"YAL012W",0,0,0,0,0,0.00956155717097143,0,0,0,0,0,0,0,0,0,0,0,0,0,0,0,0,0,0,0,0,0,0,0,0,0,0,0,0,0,0,0,0.041410651463568,0,0,0,0
"YAL022C",0,0,0.010413717483864,0,0,0,0,0,0,0,0,0,0,0,0,0,0,0,0,0,0,0,0,0,0,0,0,0,0,0,0,0,0,0,0,0,0,0,0,0,0,0
"YAL023C",0,0,0,0,0,0,0,-0.00563516623702327,0,0,0,0,0,0,0,0,0,0,0,0,0,0,0,0,0,0,0,0,0,0,0,0,0,0,0,0,0,0,0,0,0,0
"YAL024C",0,0,0,0,0,0,0,0,0,0,0,0,0,0,0,0,0,0,0,0,0,0,0,0,0,0,0,0,0,0,0,0,-0.0179849297905933,0,0,0,0,0,0,0,0,0
"YAL028W",0,0,0,0,0,0,0,0,0,0,0,0,0,0,0,0,0,0,0,0,0,0,0,0,0,0,0,0,0,0,0,0,0.0375484364889598,0,0,0,0,0,0,0,0,0
"YAL029C",0,0,0,0,0,0,0,0,0,0,0,0,0,0,0,0,0,0,0,0,0,0,0,0,0,0,0,0,0,0,0,0,-0.0110241103547773,0,0,0,0,0,0,0,0,0
"YAL037W",0,0,0,0,0,0,0,0,0,0,0,0,0,0,0,0,0,0,0,0,0,0,0,0,0,0,0,0,0,0,0,0,0,0,-0.0241372005042595,0,0,0,0,0,0,0
"YAL062W",0,0,0,0,0,0,0,0,0,0,0,0,0,0,0,0,0,0,0,0,0,0,0,0,0,0,0.00890266443334981,0,0,0,0,0,0,0,0,0,0,0,0,0,0,0
"YAL063C",0,0,0,0,0,0,0,0,0,0,0,0,0,0,0,0,0.0100335462141163,0,0,0,0,0,0,0.00371500941347813,0,0,0,0,0,0,0,0,0,0,0,0,0,0,0,0,0,0
"YAL064W",0,0,0,0.00384786668396879,0,0,0,0,0,0,0,0,0,0,0,0,0,0,0,0,0,0,0,0,0,0,0,0,0,0,0,0,0,0,0,0,0,0,0,0,0,0
"YAR018C",0,0,0,0,0,0,0,0,0,0,0,0,0,0,0,0,0,0,0,0,0,0,0,0,0,0,0,0,0,0,-0.0101621731424432,0,0.0118969055209195,0,0,0,0,0,0,0,0,0
"YBL008W",0,0,0,0,0,0,0,0,0.0028235470843943,0,0,0,0,0,0,0,0,0,0,0,0,0,0,0,0,0,0,0,0,0,0,0,0,0,0,0,0,0,0,0,0,0
"YBL023C",0,0,0,0,0,0,0,0,0,0,0,0,0,0,0,0,0,0,0,0,0,0,0,0,0,0,-0.0120309376981657,0,0,0,0,0,0,0,0,0,0,0,0,0,0,0
"YBL029W",0,0,0,0.00738392238520274,0,0,0.00724412902479989,0,0,0,0,0,0,0,0,0,0.0153445966596799,0,0,0,0,0,0,0.00916237637819358,0,0,0,0,0,0,0,0,0,0,0.0015621295380807,0,0,0,0,0,0,-0.00302826446118778
"YBL030C",0,0,0,0,0,0,-0.00198054461214379,0,0,0,0,0,0,0,0,0,0,0,0,0,0,0,0,0,0,0,0,0,0,0,0,0,0,0,0,0,0,0,0,0,0,0
"YBL032W",0,0,0,0,0,0,0,0,0,0,0,0,0,0,0,0,0,0,0,0,0,0,0,0,0,0,0,0,0,0,0,0,0.00749201545849407,0,0,0,0,0,0,0,0,0
"YBL033C",0,0,0,0,0,0,0,0,0,0,0,0,0,0,0,0,0,0,0,0,0,0,0,0,0,0,0,0,0,0,0,0,0.0286288929000613,0,0,0,0,0,0,0,0,0
"YBL043W",0,0,0,0,0,0,0,0,0,0,0,0,0,0,0,0,0.00750587380496033,0,0,0,0,0,0,0,0,0,0,0,0,0,0,0,0,0,0.0324382979600539,0,0,0,0,0,0,0
"YBL044W",0,0,0,0,0,0,0,0,0,0,0,0,0,0,0,0,0,0,0,0,0,0,0,0,0,0.00807094000954729,0,0,0,0,0,0,0,0,0,0,0,0,0,0,0,0
"YBL045C",0,0,0,0,0,0,0,0,0,0,0,0,0,0,0,0,0,0,0,0,0,0,0,0,0,-0.321525975013962,0,0,0,0,0,0,0,0,0,0,0,0,0,0,0,0
"YBL081W",0,0,0,0,0,0,0,0,0,0,0,0,0,0,0,0,0,0,0,0,0,-0.0168521741226524,0,0,0,0,0,0,0,0,0,0,0,0,0,0,0,0,0,0,0,0
"YBL082C",0,0,0,0,0,0,0,0,0,0,0,0,0,0,0,0,0,0,0,0,0,-0.00106638613123951,0,0,0,0,0,0,0,0,0,0,0,0,0,0,0,0,0,0,0,0
"YBL099W",0,0,0,0,0,0,0,0,0,0,0,0,0,0,0,0,0,0,0,0,0,0,0,0,0,-0.169117713907456,0,0,0,0,0,0,0,0,0,0,0,0,0,0,0,0
"YBL108W",0,0,0,0,-0.00116514625291096,0,0,0,0,0,0,0,0,0,0,0,0,0,0,0,0,0,0,0,0,0,0,0,0,0,0,0,0,0,0,0,0,0,0,0,0,0
"YBR008C",0,0,0,0,0,0,0,0,0,0,0,0,0,0,0,0,0,0,0,0,0,0,0,0,0,0,0,0,0,0,0,0,0,0,-0.0118124099555219,0,0,0,0,0,0,0
"YBR017C",0,0,0,0,0,0,0,0.00411832573941145,0,0,0,0,0,0,0,0,0,0,0,0,0,0,0,0,0,0,0,0,0,0,0,0,0,0,0,0,0,0,0,0,0,0
"YBR018C",0,0,0,0,0,0,0,0,0,0,0,0,0,0,0,0,0,0,0,0,0,0,0,0,0,0,0,0,0,0,0,0,0,0,0,0,0,0,0,0,-0.0132963976896698,0
"YBR019C",0,0,0,0,0,0,0,0,0,0,0,0,0,0,0,0,0,0,0,0,0,0,0,0,0,0,0,0,0,0,0,0,0,0,0,0,0,0,0,0,-0.00405456647658988,0
"YBR020W",0,0,0,0,0,0,0,0,0,0,0,0,0,0,0,0,0,0,0,0,0,0,0,0,0,0,0,0,0,0,0,0,0,0,0,0,0,0,0,0,0.00985636047862194,0
"YBR029C",0,0,0,0,0,0,0,0,0,0,0,0,0,0,0,0,0,0,0,0,0,-0.0213012663092299,0,0,0,0,0,0,0,0,0,0,0,0,0,0,0,0,0,0,0,0
"YBR030W",0,0,0,0,0,0,0,0,0,0,0,0,0,0,0,0,0,0,0,0,0,-0.0100118379394575,0,0,0,0,0,0,0,0,0,0,0,0,0,0,0,0,0,0,0,0
"YBR033W",0,0,0,0,0,0,0,0,0,0,0,0,0.0070709166717991,0,0,0,0,0,0,0,0,0,0,0,0,0,0,0,0,0,0,0,0,0,0,0,0,0,0,0,0,0
"YBR037C",0,0,0,0,0,0,0,0,0,0,0,0,0,0,0,0,0,0,0,0,0,0,0,0,0,0,0,0,0,0,0,0,0.0620294813789495,0,0,0,0,0,0,0,0,0
"YBR038W",0,0,0,0,0,0,0,0,0,0,0,0,0,0,0,0,0,0,0,0,0,0,0,0,0,0,0,0,0,0,0,0,0.0221483831497711,0,0,0,0,0,0,0,0,0
"YBR039W",0,0,0,0,0,0,0,0,0,0,0,0,0,0,0,0,0,0,0,0,0,0,0,0,0,-0.242610385593731,0,0,0,0,0,0,0,0,0,0,0,0,0,0,0,0
"YBR040W",0,0,0,0,0,0,0,0,0,0,0,0,0,0,-0.000546389698122643,0,0,0,0,0,0,0,0,0,0,0,0,0,0,0,0,0,0,0,0,0,0,0,0,0,0,0
"YBR043C",0,0,0,0,0,0,0,0,0,0,-0.0206198175891871,0,0,0,0,0,0,0,0,0,0,0,0,0,0,0,0,0,0,0,0,0,0,0,0,0,0,0,0,0,0,0
"YBR057C",0,0,0,0,0,0,0,0,0,0,0,0,0,0,0.00676243914519594,0,0,0,0,0,0,0,0,0,0,0,0.00104778244619314,0,0,0,0,0,0,0,0,0,0,0,-0.00471315723963833,0,0,0
"YBR068C",0,0,0,0,0,0,0,0,0,0,0,0,0,0,0,0,0,0,0,0,0,0,0,0,0,0,0,0,-0.0143577897716359,0,0,0,0,0,0,0,0,0,0,0,0,0
"YBR077C",0,0,0,0,0,0,0,0,0,0,0,0,0,0,0,0,0,0,0,0,0,0,0,0,0,0,0,0,0,0,0,0,0.0558494962963173,0,0,0,0,0,0,0,0,0
"YBR078W",0,0,0,0,0,0,0,0,0,0,0,0,0,0,0,0,0,0,0,0,0,0,0,0,0,0,0,0,0,0,0,0,0.0124468053380571,0,0,0,0,0,0,0,0,0
"YBR104W",0,0,0,0,0,0,0,0,0,0,0,0,0,0,0,0,0,0,0,0,0,-0.0138901285339174,0,0,0,0,0,0,0,0,0,0,0,0,0,0,0,0,0,0,0,0
"YBR115C",0,0,0,0,0,0,0,0,0,0,0.273987286378502,0,0,0,0,0,0,0,0,0,0,0,0,0,0,0,0,0,0,0,0,0,0,0,0,0,0,0,0,0,0,0
"YBR133C",0,0,0,0,0,0,0,0,0,0,0,0,0,0,0,0,0,0,0,0,0,0,0,0,0,0,0,0,0,0,0,0,0,0,0,0,0,0,0,0,0,0
"YBR135W",0,0,0,0,0,0,0,0,0,0,0,0,0,0,0,0,0,0,0,0,0,0,0,0,0,0,0,0,0,0,0,0,0,0,0,0,0,0,0,0,0,0
"YBR138C",0,0,0,0,0,0,0,0,0,0,0,0,0,0,0,0,0,0,0,0,0,-0.00147432780613664,0,0,0,0,0,0,0,0,0,0,0.0222359294330712,0,0,0,0,0,0,0,0,0
"YBR139W",0,0,0,0,0,0,0,0,0,0,0,0,0,0,0,0,0,0,0,0,0,0.0205927830737756,0,0,0,0,0,0,0,0,0,0,0.120612812111213,0,0,0,0,0,0,0,0,0
"YBR144C",0,0,0,0,0,0,0,0,0,0,0,0,0,0,0,0,0,0,0,0,0,0,0,0,0,0,0,0,0,0,0,0,0,0,0,0.00293328154446655,0,0,0,0,0,0
"YBR145W",0,0,0,0,0,0,0,0,0,0,0,0,0,0,0,0,0,0,0,0,0,0,0,0,0,0,0,0,0,0,0,0,0,0,0,0.00587035423917767,0,0,0,0,0,0
"YBR148W",0,0,0,0,0,0,0,-0.0725525948635177,0,0,0,0,0,0,0,0,0,0,0,0,0,0,0,0,0,0,0,0,0,0,0,0,0,0,0,0,0,0,0,0,0,0
"YBR157C",0,0,0,0,0,0,0,0,0,0,0,0,0,0,0,0,0,0,0,0,0,0,0,0,0,0,-0.00777024558087256,0,0,0,0,0,0,0,0.0371523820513374,0,0,0,0,0,0,0
"YBR158W",0,0,0,0,-0.0082097323292529,0,0,0,0,0,0,0,0,0,0,0,0,0,0,0,0,0,0,0,0,0,-0.11183931000784,0,0,0,0,0,0,0,0,0,0,0,0,0,0,0
"YBR163W",0,0,0,0,0,0,0,0,0,0,0,0,0,0,0,0,0,0,0,0,0,-0.00512713906107706,0,0,0,0,0,0,0,0,0,0,0,0,0,0,0,0,0,0,0,0
"YBR183W",0,0,8.14806971074835e-05,0,0,0,0,0,0,0,0,0,0,0,0,0,0,0,0,0,0,0,0,0,0,0,0,0,0,0,0,0,0,0,0,0,0,0,0,0,0,0
"YBR214W",0,0,0,0,0,0.0205817246520588,0,0,0,0,0,0,0,0,0,0,0,0,0,0,0,0,0,0,0,0,0,0,0,0,0,0,0,0,0,0,0,0,0,0,0,0
"YBR230C",0,0,0,0,0,0,0,0,0,0,0,0,0,0,0,0,0,0,0,0,0,0,0,0,0,0,0.000224382655937146,0,0,0,0,0,0,0,0,0,0,0,0,0,0,0
"YBR249C",0,0,0,0,0,0,0,0,0,0,0.00977630065567841,0,0,0,0,0,0,0,0,0,0,0,0,0,0,0,0,0,0,0,0,0,0,0,0,0,0,0,0,0,0,0
"YBR250W",0,0,0,0,0,0,0,0,0,0,-0.024355455221814,0,0,0,0,0,0,0,0,0,0,0,0,0,0,0,0,0,0,0,0,0,0,0,0,0,0,0,0,0,0,0
"YCL024W",0,0,0,0,0,0,0,0,0,0.00527718057301034,0,0,0,0,0,0,0,0,0,0,0,0,0,0,0,0,0,0,0,0,0,0,0,0,0,0,0,0,0,0,0,0
"YCL025C",0,0,0,0,0,0,0,0,0,0.0137106555508672,0,0,0,0,0,0,0,0,0,0,0,0,0,0,0,0,0,0,0,0,0,0,0,0,0,0,0,0,0,0,0,0
"YCL027W",0,-0.00440523687339653,0,0,0,0,0,0,0,0,0,0,0,0,0,0,0,0,0.0139070971499279,0,0,0,0,0,0,0,0,0,0,0,0,0,0,0,0,0,0,0,0,0,0,0
"YCL030C",0,0,0,0,0,0,0,0,0,0,0.12175235930194,0,0,0,0,0,0,0,0,0,0,0,0,0,0,0,0,0,0,0,0,0,0,0,0,0,0,0,0,0,0,0
"YCL034W",0,0,0,0,0,0,0,0,0,0,0,0,0,0.00283342894375905,0,0,0,0,0,0,0,0,0,0,0,0,0,0,0,0,0,0,0,0,0,0,0,0,0,0,0,0
"YCL035C",0,0,0,0,0,0,0,0,0,0,0,0,0,0.0091277864031157,0,0,0,0,0,0,0,0,0,0,0,0,0,0,0,0,0,0,0,0,0,0,0,0,0,0,0,0
"YCL055W",0,0,0,0,0,0,0,0,0,0,0,0,0,0,0,0,0,0,0.00242586467852066,0,0,0,0,0,0,0,0,0,0,0,0,0,0,0,0,0,0,0,0,0,0,0
"YCL056C",0,0,0,0,0,0,0,0,0,0,0,0,0,0,0,0,0,0,-0.000593919635091411,0,0,0,0,0,0,0,0,0,0,0,0,0,0,0,0,0,0,0,0,0,0,0
"YCL059C",0,0,0,0,0,0,0,0,0,0,0,0,0,0,0,0,0,0,0,0,0,0,0,0,0,0,0,0,0,0,0,0,-0.0607833781605292,0,0,0,0,0,0,0,0,0
"YCL065W",0,0,0,0,0,0,0,0,0,0,0,0,0,0,0,0,0,0,0,0,0,0,0,0,0,0.0142012067914229,0,0,0,0,0,0,0,0,0,0,0,0,0,0,0,0
"YCR018C-A",0,0,0,0,0,0,0,0,0,0,0,0,0,0,0,0,0,0,0,0,0,0,0,0,0,0,0,0,0,0,-0.00973417200472746,0,0,0,0,0,0,0,0,0.00813005255625154,0,0
"YCR019W",0,0,0,0,0,0,0,0,0,0,0,0,0,0,0,0,0,0,0,0,0,0,0,0,0,0,0,0,0,0,-0.00475056253552337,0,0,0,0,0,0,0,0,-0.000128327337647028,0,0
"YCR025C",0,0,0,0,0,0,0,0,0,0,0,0,0,0,0,0,0,0,0,0,0,0,0,0,0,0,0,0,0,0,0,0.0149324853170618,0,0,0,0,0,0,0,0,0,0
"YCR039C",0,0,0,0,0,0,0,0,0,0,0,0,0,0,0,0,0,0,0,0,0,0,0,0,0,-0.00995486996938038,0,0,0,0,0,0,0,0,0,0,0,0,0,0,0,0
"YCR040W",0,0,0,0,0,0,0,0,0,0,0,0,0,0,0,0,0,0,0,0,0,0,0,0,0,-0.000794051619532147,0,0,0,0,0,0,0,0,0,0,0,0,0,0,0,0
"YCR041W",0,0,0,0,0,0,0,0,0,0,0,0,0,0,0,0,0,0,0,0,0,0,0,0,0,0.000616832775143295,0,0,0,0,0,0,0,0,0,0,0,0,0,0,0,0
"YCR061W",0,0,0,0,0,0,0,0,0,0,0,0,0,0,0,0,0,0,0,0,0,0,0,0,0,0,0,0.0757736250034145,0,0,0,0,0,0,0,0,0,0,0,0,0,0
"YCR064C",0,0,0,0,0,0,0,0,0,0,0,0,0,0,0,0,0,0,0,0,0,0,0,-0.00484690946335681,0,0,0,0,0,0,0,0,0,0,0,0,0,0,0,0,0,0
"YCR065W",0,0,0,0,0,0,0,0,0,0,0,0,0,0,0,0,0,0,0,0,0,0,0,0.00364762041529245,0,0,0,0,0,0,0,0,0,0,0,0,0,0,0,0,0,0
"YCR066W",0,0,0,0,0,0,0,0,0,0,0,0,0,0.00881050654659727,0,0,0,0,0,0,0,0,0,0,0,0,0,0,0,0,0,0,0,0,0,0,0,0,0,0,0,0
"YCR075C",0,0,0,0,0,0,0,0,0,0,0,0,0,0,0,0,0,0,0,0,0,0.0137413772419883,0,0,0,0,0,0,0,0,0,0,0,0,0,0,0,0,0,0,0,0
"YCR089W",0,0,0,0,0,0,0,0,0,0,0,0,0,0,0,0,0,0,0.00269651970582576,0,0,0,0,0,0,0,0,0,0,0,0,0,0,0,0,0,0,0,0,0,0,0
"YCR092C",0,0,0,0,0,0,0,0,0,0,0,0,0,0,0,0,0,0,0,0,0,-0.00613586847374141,0,0,0,0,0,0,0,0,0,0,0,0,0,0,0,0,0,0,0,0
"YCR093W",0,0,0,0,0,0,0,0,0,0,0,0,0,0,0,0,0,0,0,0,0,-0.00619103608287592,0,0,0,0,0,0,0,0,0,0,0,0,0,0,0,0,0,0,0,0
"YDL027C",0,0,0,0,0,0,0,0,0,0,0,0,0,0,0,0,0,0,0,0,0,0,0,0,0,0,0,0,0,0,0,0,0,0,0,0.0213164191183252,0,0,0,0,0,0
"YDL032W",0,0,0,0,0.00213572934230406,0,0,0,0,0,0,0,0,0,0,0,0,0,0,0,0,0,0,0,0,0,0,0,0,0,0,0,0,0,0,0,0,0,0,0,0,0
"YDL035C",0,0,0,0,0.00795993809517944,0,0,0,0,0,0,0,0,0,0,0,0,0,0,0,0,0,0,0,0,0,0,0,0,0,0,0,0,0,0,0,0,0,0,0,0,0
"YDL037C",0,0,0,0,0,0,-0.00516097966864561,0,0,0,0,0,0,0,0,0,0,0,0,0,0,0,0,0,0,0,0,0,0,0,0,0,0,0,-0.0735469263932356,0,0,0,0,0,0,0
"YDL049C",0,0,0,0,0,0,0,0,0,0,0,0,0,0,0,0,0,0,0,0.00234701965042809,0,0,0,0,0,0,0,0,0,0,0,0,0,0,0,0,0,0,0,0,0,0
"YDL051W",0,0,0,0,0,0,0,0,0,0,0,0,0,0,0,0,0,0,0,0,0,0,0,0,0,0,0,0,0,0,0,0,0,0,0,-0.0207434840243971,0,0,0,0,0,0
"YDL052C",0,0,0,0,0,0,0,0,0,0,0,0,0,0,0,0,0,0,0,0,0,0,0,0,0,0,0,0,0,0,0,0,0,0,0,0.00740881700119845,0,0,0,0,0,0
"YDL058W",0,0,0,0,0,-0.00650067816548952,0,0,0,0,0,0,0,0,0,0,0,0,0,0,0,0,0,0,0,0,0,0,0,0,0,0,0,0,0,0,0,0,0,0,0,0
"YDL059C",0,0,0,0,0,0.0053827883409929,0,0,0,0,0,0,0,0,0,0,0,0,0,0,0,0,0,0,0,0,0,0,0,0,0,0,0,0,0,0,0,0,0,0,0,0
"YDL066W",0,0,0,0,0,0,0,0,0,0,0,0,0,0,0,0,0,0,0,0,0,0,0,0,0,-0.0424406877059633,0,0,0,0,0,0,0,0,0,0,0,0,0,0,0,0
"YDL067C",0,0,0,0,0,0,0,0,0,0,0,0,0,0,0,0,0,0,0,0,0,0,0,0,0,-0.283685402956343,0,0,0,0,0,0,0,0,0,0,0,0,0,0,0,0
"YDL117W",0,0,0,0,0.00832133676404733,0,0,0,0,0,0,0,0,0,0,0,0,0,0,0,0,0,0,0,0,0,0,0,0,0,0,0,0,0,0,0,0,0,0,0,0,0
"YDL119C",0,0,0,0,0.0190653283033357,0,0,0,0,0,0,0,0,0,0,0,0,0,0,0,0,0,0,0,0,0,0,0,0,0,0,0,0,0,0,0,0,0,0,0,0,0
"YDL126C",0,-0.000583292866916837,0,0,0,0,0,0,0,0,0,0,0,0,0,0,0,0,0,0,0,0,0,0,0,0,0,0,0,0,0,0,0,0,0,0,0,0,0,0,0,0
"YDL127W",0,-0.00619398026853739,0,0,0,0,0,0,0,0,0,0,0,0,0,0,0,0,0.00121034914982089,0,0,0,0,0,0,0,0.0182692678919829,0,0,0,0,0,0,0,0,0,0,0,0,0,0,0
"YDL129W",0,0,0,0,0,0,0,0,0,0,0,0,0,0,0,0,0,0,0,0,0,0,0,0,0,0,0,0,0,0,0,0,0,0,-0.0891680618288941,0,0,0,0,0,0,0
"YDL171C",0,0,0,0,0,0,0,0,0,0,-0.0192468933735633,-0.0122097754548461,0,0,0,0,0,0,0,0,0,0,0,0,0,0,0,0,0,0,0,0,0,0,0,0,0,0,0,0,0,0
"YDL173W",0,0,0,0,0.000233454824415157,0,0,0,0,0,0,0,0,0,0,0,0,0,0,0,0,0,0,0,0,0,0,0.0072387678715493,0,0,0,0,0,0,0,0,0,0,0,0,0,0
"YDL174C",0,0,0,0,0.0325666641123565,0,0,0,0,0,0,0,0,0,0,0,0,0,0,0,0,0,0,0,0,0,0,0.0347702551636272,0,0,0,0,0,0,0,0,0,0,0,0,0,0
"YDL179W",0,0,0,0,0.0414302074325669,0,0,0,0,0,0,0,0,0,0,0,0,0,0,0,0,0,0,0,0,0,0,0,0,0,0,0,0,0,0,0,0,0,0,0,0,0
"YDL181W",0,0,0,0,0,0,0,0,0,0,0,0,0,0,0,0,0,0,0,0,0,0,0,0,0,-0.680324841874862,0,0,0,0,0,0,0,0,0,0,0,0,0,0,0,0
"YDL186W",0,0,0,0,0,0,0,-0.034045846824436,0,0,0,0,0,0,0,0,0,0,0,0,0,0,0,0,0,0,0,0,0,0,0,0,0,0,0,0,0,0,0,0,0,0
"YDL188C",0,0,0,0,0,0,0,0.0137334337677566,0,0,0,0,0,0,0,0,0,0,0,0,0,0,0,0,0,0,0,0,0,0,0,0,0,0,0,0,0,0,0,0,0,0
"YDL198C",0,0,0,0,0,0,0,0,0,0,0.0545062161296535,0,0,0,0,0,0,0,0,0,0,0,0,0,0,0,0,0,0,0,0,0,0,0,0,0,0,0,0,0,0,0
"YDL223C",0,0,0,0,0.100492387972922,0,0,0,0,0,0,0,0,0,0,0,0,0,0,0,0,0,0,0,0,0,0,0,0,0,0,0,0,0,0,0,0,0,0,0,0,0
"YDL225W",0,0,0,0,-0.00469619737602427,0,0,0,0,0,0,0,0,0,0,0,0,0,0,0,0,0,0,0,0,0,0,0,0,0,0,0,0,0,0,0,0,0,0,0,0,0
"YDL226C",0,0,0,0,-0.00441894328600072,0,0,0,0,0,0,0,0,0,0,0,0,0,0,0,0,0,0,0,0,0,0,0,0,0,0,0,0,0,0,0,0,0,0,0,0,0
"YDL239C",0,0,0,0,0,0,0,0,0.00187310469801499,0,0,0,0,0,0,0,0,0,0,0,0,0,0,0,0,0,0,0,0,0,0,0,0,0,0,0,0,0,0,0,0,0
"YDL246C",0,0,0,0.0596042663846509,0,0,-0.000535219273739479,0,0,0,0,0,0,0,0,0,0,0,0,0,0,0,0,0,0,0,0,0,0,0,0,0,0,0,0,0,0,0,-0.00352872747907124,0,0,0.0203023764709334
"YDR008C",0,0,0,0,0,0,0,0,0,0,0,0,0,0,0,0,0,0,0,0,0,0,0,0,0,0,0,0,0,0,0,0,0,0,0,0,0,0,0,0,-0.00288359361809414,0
"YDR009W",0,0,0,0,0,0,0,0,0,0,0,0,0,0,0,0,0,0,0,0,0,0,0,0,0,0,0,0,0,0,0,0,0,0,0,0,0,0,0,0,-0.00622001297258514,0
"YDR010C",0,0,0,0,0,0,0,0,0,0,0,0,0,0,0,0,0,0,0,-0.00326207361700973,0,0,0,0,0,0,0,0,0,0.0052073547790693,0,0,0,0,0,0,0,0,0,0,0,0
"YDR011W",0,0,0,0,0,0,0,0,0,0,0,0,0,0,0,0,0,0,0,0.000448473648026033,0,0,0,0,0,0,0,0,0,-0.0104640056868552,0,0,0,0,0,0,0,0,0,0,0,0
"YDR030C",0,0,0,0,0,0,0,0,0,0,0,-0.00744687049107626,0,0,0,0,0,0,0,0,0,0,0,0,0,0,0,0,0,0,0,0,0,0,0,0,0,0,0,0,0,0
"YDR031W",0,0,0,0,0,0,0,0,0,0,0,-0.0252092579292542,0,0,0,0,0,0,0,0,0,0,0,0,0,0,0,0,0,0,0,0,0,0,0,0,0,0,0,0,0,0
"YDR042C",0,0,0,-0.0116328732368662,0,0,0,0,0,0,0,0,0,0,0,0,0,0,0,0,0,0,0,0,0,0,0,0,0,0,0,0,0,0,0,0,0,0,0,0,0,0
"YDR077W",0,0,0,0,0,0,-0.0130011982084376,0,0,0,0,0,0,0,0,0,-0.00543685059876304,0,0,0,0,0,0,0,0,0,0,0,0,0,0,0,0,0,0.0716147312601606,0,0,0,-0.00584290315875512,0,0,0
"YDR084C",0,0,0,0,0,0,0,0,0,0,0.0147897156714348,0,0,0,0,0,0,0,0,0,0,0,0,0,0,0,0,0,0,0,-0.00797096937196017,0,0,0,0,0,0,0,0,-0.00783676355136246,0,0
"YDR085C",0,0,0,0,0,0,0,0,0,0,0,0,0,0,0,0,0,0,0,0,0,0.0251119786139218,0,0,0,0,0,0,0,0,0,0,0,0,0,0,0,0,0,0,0,0
"YDR112W",0,0,0,0,0.00437678280995329,0,0,0,0,0,0,0,0,0,0,0,0,0,0,0,0,0,0,0,0,0,0,0,0,0,0,0,0,0,0,0,0,0,0,0,0,0
"YDR127W",0,0,0,0,0,0,0,0,0,0,0.0450592667158622,0,0,0,0,0,0,0,0,0,0,0,0,0,0,0,0,0,0,0,0,0,0,0,0,0,0,0,0,0,0,0
"YDR133C",0,0,0,0.0946753284294472,0,0,0,0,0,0,0,0,0,0,0,0,-0.0026595455296043,0,0,0,0,0,0,0,0,0,0,0,0,0,0,0,0,0,0,0,0,0,0,0,0,0
"YDR147W",0,0,0,0,0,0,0,0,0,0,0,0,0,0,0,0,0,0,0,0,0,0,0,0,0,0,0,0,0,0,0,0,-0.000497292756050988,0,0,0,0,0,0,0,0,0
"YDR148C",0,0,0,0,0,0,0,0,0,0,0,0,0,0,0,0,0,0,0,0,0,0,0,0,0,0,0,0,0,0,0,0,0.0344591558494027,0,0,0,0,0,0,0,0,0
"YDR150W",0,0,0,0,0,0,0,0,0,0,0,0,0,0,0,0,0,0,0,0,0,0,0,0,0,0,0,0,0,0,0,0,0.00794677746289791,0,0,0,0,0,0,0,0,0
"YDR154C",0,0,0,0,0,0,0,0,0,0,0,0,0,0,0,0,0,0,0,0,0,0,0,0,0,0,0.00942681915471887,0,0,0,0,0,0,0,0,0,0,0,0,0,0,0
"YDR155C",0,0,0,0,0,0,0,0,0,0,0,0,0,0,0,0,0,0,0,0,0,0,0,0,0,0,0.0126896303551497,0,0,0,0,0,0,0,0,0,0,0,0,0,0,0
"YDR156W",0,0,0,0,0,0,0,0,0,0,0,0,0,0,0,0,0,0,0,0,0,0,0,0,0,0,-0.00808868269230441,0,0,0,0,0,0,0,0,0,0,0,0,0,0,0
"YDR157W",0,0,0,0,0,0,0,0,0,0,0,0,0,0,0,0,0,0,0,0,0,0,0,0,0,0,-0.00104135656261566,0,0,0,0,0,0,0,0,0,0,0,0,0,0,0
"YDR158W",0,0,0,0,0,0,0,0,0,0,0,0,0,0,0,0,0,0,0,0,0,0,0,0,0,0,0.00409312228077362,0,0,0,0,0,0,0,0,0,0,0,0,0,0,0
"YDR160W",0,0,0,0,0,0,0,0,0,0,0,0,0,0,0,0,0,0,0,0,0,0,0,0,0,0,0,0,0,0,0,0,0,0,0,0.00609953765335137,0,0,0,0,0,0
"YDR219C",0,0,0,0,0,0,0,0,0,0,0,0,0,0,0,0,0,0,0,0.00209890818497114,0,0,0,0,0,0,0,0,0,0,0,0,0,0,0,0,0,0,0,0,0,0
"YDR221W",0,0,0,0,0,0,0,0,0,0,0,0,0,0,0,0,0,0,0,0.00129594812787291,0,0,0,0,0,0,0,0,0,0,0,0,0,0,0,0,0,0,0,0,0,0
"YDR231C",0,0,0,0,0,0,0,0,0,0,0,0,0,0,0,0,0,0,0,0.00734517079516961,0,0,0,0,0,0,0,0,0,0,0,0,0,0,0,0,0,0,0,0,0,0
"YDR232W",0,0,0,0,0,0,0,0,0,0,0,0,0,0,0,0,0,0,0,0.000428520572918203,0,0,0,0,0,0,0,0,0,0,0,0,0,0,0,0,0,0,0,0,0,0
"YDR240C",0,0,0,0,0,0,0,0,0,0,0,0,0,0,0,0,0,0,0,0,0,0,0,0,0,0,0,0,0,0,0,0,0,0,0,0.00286793657860743,0,0,0,0,0,0
"YDR248C",0,0,0,0,0,0,0,0,0,0,0,0,0,0,0,0,0,0,0,0.00289696329551872,0,0,0,0,0,0,0,0,0,0,0,0,0,0,0,0,0,0,0,0,0,0
"YDR256C",0,0,0,0,0,-0.00727452555760265,0,0,0,0,0,0,0,0,0,0,0,0,0,0,0,0,0,0,0,0,0,0,0,0,0,0,0,0,0,0,0,0,0,0,0,0
"YDR261C",0,0,0,0,0,0,0,0,0,0,0,0,0,0,0,0,0,0,0,0,0,0,0,-0.00770332929277866,0,0,0,0,0,0.00256981981086525,0,0,0,0,0,0,0,0,0,0,0,0
"YDR263C",0,0,0,0,0,0,0,0,0,0,0,0,0,0,0,0,0,0,0,0,0,-0.00412130738810122,0,0,0,0,0,0,0,0,0,0,-0.00361785221380898,0,0,0,0,0,0,0,0,0
"YDR281C",0,0,0,0,0,0,0,0,0,0,0,0,0,0.00120200964168144,0,0,0,0,0,0,0,0,0,0,0,0,0,0,0,0,0,0,0,0,0,0,0,0,0,0,0,0
"YDR298C",0,0,0,0,0,0,0,0,0,0,0,0,0,0,0,0,0,0,0,0,0,0,0,0,0,-0.195632300173602,0,0,0,0,0,0,0,0,0,0,0,0,0,0,0,0
"YDR299W",0,0,0,0,0,0,0,0,0,0,0,0,0,0,0,0,0,0,0,0,0,0,0,0,0,-0.0198198057023683,0,0,0,0,0,0,0,0,0,0,0,0,0,0,0,0
"YDR300C",0,0,0,0,0,0,0,0,0,0,0,0,0,0,0,0,0,0,0,0,0,0,0,0,0,0,0,0,0,0,0,0,0,0,-0.0222822629661931,0,0,0,0,0,0,0
"YDR301W",0,0,0,0,0,0,0,0,0,0,0,0,0,0,0,0,0,0,0,0,0,0,0,0,0,0,0,0,0,0,0,0,0,0,-0.00668123769228853,0,0,0,0,0,0,0
"YDR307W",0,0,0,0,0,0,0,0,0,0,0,0,0,0,0,0,0,0,0,0,0,0,0,0,0,0,0,0,0,0.00109271269761472,0,0,0,0,0,0,0,0,0,0,0,0
"YDR309C",0,0,0,0,0,0,0,0,0,0,0,0,0,0,0,0,0,0,0,0,0.0613598538072868,0,0,0,0,0,0,0,0,0,0,0,0,0,0,0,0,0,0,0,0,0
"YDR311W",0,0,0,0,0,0,0,-0.00581390477482011,0,0,0,0,0,0,0,0,0,0,0,0,0,0,0,0,0,0,0,0,0,0,0,0,0,0,0,0,0,0,0,0,0,0
"YDR322W",0,0,0,0,0,0,0,0.00111855992570012,0,0,0,0,0,0,0,0,0,0,0,0,0,0,0,0,0,0,0,0,0,0,0,0,0,0,0,0,0,0,0,0,0,0
"YDR324C",0,0,0,0,0,0,0,0,0,0,0,0,0,0,0,0,0,0,0,0,0,-0.0189771758882149,0,0,0,0,0,0,0,0,0,0,-0.0891436014445839,0,0,0,0,0,0,0,0,0
"YDR325W",0,0,0,0,0,0,0,0,0,0,0,0,0,0,0,0,0,0,0,0,0,-0.00677506850796282,0,0,0,0,0,0,0,0,0,0,-0.0165720716024792,0,0,0,0,0,0,0,0,0
"YDR338C",0,0,0,0,0,0,0,0,0,0,0,0,0,0,0,0,0,0,0,0,0,0,0,0,0,0,0,0,0,0,0,0,0,0,-0.00435188530253113,0,0,0,0,0,0,0
"YDR343C",0,0,0,0,0,0,0,0,0,0,0,0,0,0,0,0,0.00203933788553545,0,0,0,0,0,0,0,0,0,0,0,0,0,0,0,0,0,0,0,0,0,0,0,0,0
"YDR350C",0,0,0.00437556133718993,0,0,0,0,0,0,0,0,0,0,0,0,0,0,0,0,0,0,0,0,0,0,0,0,0,0,0,0,0,0,0,0,0,0,0,0,0,0,0
"YDR351W",0,0,0.000824839224750445,0,0,0,0,0,0,0,0,0,0,0,0,0,0,0,0,0,0,0,0,0,0,0,0,0,0,0,0,0,0,0,0,0,0,0,0,0,0,0
"YDR366C",0,0,0,0,0,0,0,0,0,0,0,0,0,0,-0.00390915678450308,0,0,0,0,0,0,0,0,0,0,0,0,0,0,0,0,0,0,0,0,0,0,0,0,0,0,0
"YDR368W",0,0,0,0,0,0,0,0,0,0,0,0,0,0,0.0160361510863743,0,0,0,0,0,0,0,0,0,0,0,0,0,0,0,0,0,0,0,0,0,0,0,0,0,0,0
"YDR372C",0.00422563018099428,0,0,0,0,0,0,0,0,0,0,0,0,0,0,0,0,0,0,0,0,0,0,0,0,0,0,0,0,0,0,0,0,0,0,0,0,0,0,0,0,0
"YDR373W",0.00623729709400674,0,0,0,0,0,0,0,0,0,0,0,0,0,0,0,0,0,0,0,0,0,0,0,0,0,0,0,0,0,0,0,0,0,0,0,0,0,0,0,0,0
"YDR377W",0,0,0,0,0,0,0,0,0,0,0,0,0,0,0,0,0,0,0,0,0,0,0,0,0,-0.255580893133437,0,0,0,0,0,0,0,0,0,0,0,0,0,0,0,0
"YDR378C",0,0,0,0,0,0,0,0,0,0,0,0,0,0,0,0,0,0,0,0,0,0,0,0,0,0,0,0,0,0,0,0,0,0,0,0,0,0,0,0,0,0
"YDR379W",0,0,0,0,0,0,0,0,0,0,0,0,0,0,0,0,0,0,0,0,0,0,0,0,0,0,0,0,0,0,0,0,0,0,0,0,0,0,0,0,0,0
"YDR380W",0,0,0,0,0,0,0,0,0,0,0,0,0,0,0,0,0,0,0,0,0,0,0,0,0,0,0,0,0,0,0,0,0,0,0,0,0,0,0,0,0,0
"YDR381W",0,0,0,0,0,0,0,0,0,0,0,0,0,0,0,0,0,0,0,0,0,0,0,0,0,0,0,0,0,0,0,0,0,0,0,0,0,0,0,0,0,0
"YDR382W",0,0,0,0,0,0,0,0,0,0,0,0,0,0,0,0,0,0,0,0,0,0,0,0,0,0,0,0,0,0,0,0,0,0,0,0,0,0,0,0,0,0
"YDR402C",0,0,0,0,0,0,0,-0.010507925136315,0,0,0,0,0,0,0,0,0,0,0,0,0,0,0,0,0,0,0,0,0,0,0,0,0,0,0,0,0,0,0,0,0,0
"YDR403W",0,0,0,0,0,0,0,-0.036202876728703,0,0,0,0,0,0,0,0,0,0,0,0,0,0,0,0,0,0,0,0,0,0,0,0,0,0,0,0,0,0,0,0,0,0
"YDR418W",0,0,-0.00364161556124626,0,0,0,0,0,0,0,0,0,0,0,0,0,0,0,0,0,0,0,0,0,0,0,0,0,0,0,0,0,0,0,0,0,0,0,0,0,0,0
"YDR420W",0,0,-0.001451242785472,0,0,0,0,0,0,0,0,0,0,0,0,0,0,0,0,0,0,0,0,0,0,0,0,0,0,0,0,0,0,0,0,0,0,0,0,0,0,0
"YDR441C",0,0,0,-0.0260043961148716,0,0,-0.000460229203908756,0,0,0,0,0,0,0,0,0,0.00914920899328123,0,0,0,0,0,0,0,0,0,0,0,0,0,0,0,0,0,-0.0402902010410514,0,0,0,0,0,0,0
"YDR442W",0,0,0,-0.00523101600310462,0,0,0.00169215034531635,0,0,0,0,0,0,0,0,0,0.00375689811021518,0,0,0,0,0,0,0,0,0,0,0,0,0,0,0,0,0,-0.00512036530938811,0,0,0,0,0,0,0
"YDR452W",0,0,0,0,0,0,0,0,0,0,0,0,0,0,0,0,0,0,0,0,0,0,0,0,0,0,0,0,0,0,0,0,0.0433488894720161,0,0,0,0,0,0,0,0,0
"YDR481C",0,0,0,0,0,0,0,0,0,0,0.030854189148848,0,0,0,0,0,0,0,0,0,0,0,0,0,0,0,0,0,0,0,0,0,0,0,0,0,0,0,0,0,0,0
"YDR495C",0,0,0,0,0,0,0,0,0,0,0,0,0,0,0,0,0,0,0,0,0,0,0,0,0,0,0,0,0,0,0,0,0,0,0,0,-0.0139021263804308,0,0,0,0,0
"YDR500C",0,0,0,0,0,0,0,0,0,0,0,0,0,0,0,0,0,0,0,0,0,0,0,0,0,0,0,0,0,0,0,0,-0.0092538583115697,0,0,0,0,0,0,0,0,0
"YDR501W",0,0,0,0,0,0,0,0,0,0,0,0,0,0,0,0,0,0,0,0,0,0,0,0,0,0,0,0,0,0,0,0,0.0622101878737227,0,0,0,0,0,0,0,0,0
"YDR522C",0,0,0,0,0,0,0,-0.105499894239866,0,0,0,0,0,0,0,0,0,0,0,0,0,0,0,0,0,0,0,0,0,0,0,0,0,0,0,0,0,0,0,0,0,0
"YDR523C",0,0,0,0,0,0,0,-0.0736223296070321,0,0,0,0,0,0,0,0,0,0,0,0,0,0,0,0,0,0,0,0,0,0,0,0,0,0,0,0,0,0,0,0,0,0
"YDR529C",0,0,0,0,0,0,0,0,0,0,0,0,0,0,0,0,0,0,0,0,0,0,0,0,0,-0.248408403211642,0,0.0397931165858699,0,0,0,0,0,0,0,0,0,0,0,0,0,0
"YDR533C",0,0,0,0,0,0,0,0,0,0,0,0,0,0,0,0,0,0,0,0,0,0,0,0,0,0,0,0,0,-0.0274728517086026,0,0,0,0,0,0,0,0,0,0,0,0
"YDR535C",0,0,0,-0.000465073733784204,0,0,0,0,0,0,0,0,0,0,0,0,0,0,0,0,0,0,0,0,0,0,0,0,0,0,0,0,0,0,0,0,0,0,0,0,0,0
"YDR536W",0,0,0,0.0221427629148219,0,0,0,0,0,0,0,0,0,0,0,0,0,0,0,0,0,0,0,0,0,0,0,0,0,0,0,0,0,0,0,0,0,0,0,0,0,0
"YDR543C",0,0,0,0,0.0132415131341581,0,0,0,0,0,0,0,0,0,-0.00297831266960108,0,0,0,0,0,0,0,0,0,0,0.0101299544515321,0,0.0121065178186262,0,0,0,0,0,0,0,0,0,0,0,0,0,0
"YDR544C",0,0,0,0,0,0,0,0,0,0,0,0,0,0,-0.0025707664597434,0,0,0,0,0,0,0,0,0,0,0,0,0,0,0,0,0,0,0,0,0,0,0,0,0,0.0129648913084481,0
"YEL007W",0,0,0,0,0,0,0,0,0,0,0,0,0,0,0,0,0,0,0,0,0,0,0,0,0,0,-0.0105227580485517,0,0,0,0,0,0,0,0,0,0,0,0,0,0,0
"YEL024W",0,0,0,0,0,0,0,0,0,0,0,0,0,0,0,0,0,0,0,0,0,0,0,0,0,-0.23379585300967,0,0.0817544987398541,0,0,0,0,0,0,0,0,0,0,0,0,0,0
"YEL025C",0,0,0,0,0,0,0,0,0,0,0,0,0,0,0,0,0,0,0,0,0,0,0,0,0,-0.0060162529628988,0,0.00239019010336286,0,0,0,0,0,0,0,0,0,0,0,0,0,0
"YEL033W",0,0,0,0,0,0,0,0,0,0,0,0,0,0,0,0,0,0,0,0,0,0,0,0,0,0,0,-0.0205104884224135,0,0,0,0,0,0,0,0,0,0,0,0,0,0
"YEL034W",0,0,0,0,0,0,0,0,0,0,0,0,0,0,0,0,0,0,0,0,0,0,0,0,0,0,0,0.0422564420883113,0,0,0,0,0,0,0,0,0,0,0,0,0,0
"YEL035C",0,0,0,0,0,0,0,0,0,0,0,0,0,0,0,0,0,0,0,0,0,0,0,0,0,0,0,-0.00882834440350626,0,0,0,0,0,0,0,0,0,0,0,0,0,0
"YEL036C",0,0,0,0,0,0,0,0,0,0,0,0,0,0,0,0,0,0,0,0,0,0,0,0,0,0,0,0.00241374435528718,0,0,0,0,0,0,0,0,0,0,0,0,0,0
"YEL040W",0,0,-0.00183352264467723,-0.0561772521092867,0,0,0,0,0,0,0,0,0,0,0,0,0,0,0,0,0,0,0,-0.00374908194848965,0,0,0,0,0,0,0,0,0,0,0,0,0,0,0.0086878401559502,0,0,0
"YEL041W",0,0,0,0,0,0,0,0,0,0,0,0,0,0,0,0,0,0,0,0.000104599912949611,0,0,0,0,0,0,0,0,0,0,0,0,0,0,0,0,0,0,0,0,0,0
"YEL044W",0,0,0,0,0,0,0,0,-0.0105986926864395,0,0,0,0,0,0,0,0,0,0,0,0,0,0,0,0,0,0,0,0,-0.0013862083626297,0,0,0,0,-0.0282417990585537,0,0,0,0,0,0,0
"YEL045C",0,0,0,0,0,0,0,0,-0.00792459083592365,0,0,0,0,0,0,0,0,0,0,0,0,0,0,0,0,0,0,0,0,0.00404954612019457,0,0,0,0,-0.0533205284552874,0,0,0,0,0,0,0
"YEL046C",0,0,0,0,0,0,0,0,-0.00813446371650746,0,0,0,0,0,0,0,0,0,0,0,0,0,0,0,0,0,0,0,0,-0.00199416709643982,0,0,0,0,-0.0441392490246636,0,0,0,0,0,0,0
"YEL062W",0,0,0,0,0,0,0,0,0,0,0.0128334307241603,0,0,0,0,0,0,0,0,0,0,0,0,0,0,0,0,0,0,0,0,0,0,0,0,0,0,0,0,0,0,0
"YEL063C",0,0,0,0,0,0,0,0,0,0,0.0164950419178424,0,0,0,0,0,0,0,0,0,0,0,0,0,0,0,0,0,0,0,0,0,0,0,0,0,0,0,0,0,0,0
"YEL069C",0,0,0,-0.0164240423654997,0,0,0,0,0,0,0,0,0,0,0,0,0,0,0,0,0,0,0,0,0,0,0,0,0,0,0,0,0,0,0,0,0,0,0,0,0,0
"YER001W",0,0,0.0024793292535648,0,0,0,0,0,0,0,0,0,0,0,0,0,0,0,0,0,0,0,0,0,0,0,0,0,0,0,0,0,0,0,0,0,0,0,0.00607154452611029,0,0,0
"YER011W",0,0,-0.00481174412611778,0,0,0,0,0,0,0,0,0,0,0,0,0,0,0,0,0,0.0163960562044522,0,0,0,0,0,0,0,0,0,0,0,0,0,0,0,0,0,0,0,0,0
"YER033C",0,0,0,0,0,0,0,0,0,0,0,0,0,0,0,0,0,0,0,0,0,0,0,0.00413689055332801,0,0,0,0,0,0,0,0,0,0,0,0,0,0,0,0,0,0
"YER034W",0,0,0,0,0,0,0,0,0,0,0,0,0,0,0,0,0,0,0,0,0,0,0,0.00245580084865472,0,0,0,0,0,0,0,0,0,0,0,0,0,0,0,0,0,0
"YER044C",0,0,0,0,0,0,0,0,0,0,0,0,0,0,0,0,0,0,0,0,0,0,0,0,0,0,0,0.0924325161586866,0,0,0,0,0,0,0,0,0,0,0,0,0,0
"YER052C",0,0,0,0,0,0,0,0,0,0,0.0472390547323699,0,0,0,0,0,0,0,0,0,0,0,0,0,0,0,0,0,0,0,0,0,0,0,0,0,0,0,0,0,0,0
"YER055C",0,0,0,0,0,0,0,0,0,0,0.0122563962902333,0,0,0,0,0,0,0,0,0,0,0,0,0,0,0,0,0,0,0,0,0,0,0,0,0,0,0,0,0,0,0
"YER069W",0,0,0,0,0,0,0,0,0,0,0.0284247170391794,0,0,0,0,0,0,0,0,0,0,0,0,0,0,0,0,0,0,0,0,0,0,0,0,0,0,0,0,0,0,0
"YER070W",0,0,0,0,0,0,0,0,0,0,0,0,0,0,0,0,0,0,0,0,0,-0.0138804733517971,0,0,0,0,0,0,0,0,0,0,0.0569766415014651,0,0,0,0,0,0,0,0,0
"YER073W",0,0,0,0,0,0,0,0,0,0,0,0,0,0,0,0,0,0,0,0,0,0,0,0,0,0,0,0,0,0,0,0,0,0,-0.0655812282660586,0,0,0,0,0,0,0
"YER078C",0,0,0,0,-0.0103591949031735,0,0,0,0,0,0,0,0,-0.00452742304812823,0,0,0,0,0,0,0,0,0,0,0,0,-0.0151288909507096,0,0,-0.00207457375576002,0,0,-0.0139400138829233,0,0,0,0,0,0,0,0,0
"YER079W",0,0,0,0,0.0375396747943006,0,0,0,0,0,0,0,0,0.00392466348813277,0,0,0,0,0,0,0,0,0,0,0,0,0.00704354174774832,0,0,-0.006795275135396,0,0,0.092258319405099,0,0,0,0,0,0,0,0,0
"YER092W",0,0,0,0,0,-0.00319938702764116,0,0,0,0,0,0,0,0,0,0,0,0,0,0,0,0,0,0,0,0,0,0,0,0,0,0,0,0,0,0,0,-0.00307628059852557,0,0,0,0
"YER094C",0,0,0,0,0,0,0,0,0,0,0,0,0,0,0,0,0,0,0,0,0,0,0,0,0,0,0,0,0,0,0,0,0.0343395131673935,0,0,0,0,0,0,0,0,0
"YER095W",0,0,0,0,0,0,0,0,0,0,0,0,0,0,0,0,0,0,0,0,0,0,0,0,0,0,0,0,0,0,0,0,0.0602741621871634,0,0,0,0,0,0,0,0,0
"YER103W",0,0,0,0,0,0,0,0,0,0,0,0,0,0,0,0,0,0,0,0,0,0,0,0,0.00337184089574238,0,0,0,0,0,0,0,0,0,0,0,0,0,0,0,0,0
"YER114C",0,0,0,0,0,0,0,0,0,0,0,0,0,0,0,0,0,0,0,0,0,0,0,0,0,0,0,0,0,0,0,0,0,0,0,-0.00368215468226804,0,0,0,0,0,0
"YER124C",0,0,0,0,0,0,0,0,0,0,0,0,0,0,0,0,0,0,0,0,0,-0.024896025544285,0,0,0,0,-0.291382881968719,0,0,0,0,0,0.0265461275843101,0,0,0,0,0,0,0,0,0
"YER125W",0,0,0,0,0,0,0,0,0,0,0,0,0,0,0,0,0,0,0,0,0,-0.00344540608167071,0,0,0,0,-0.0146979910107677,0,0,0,0,0,0.0109083722712162,0,0,0,0,0,0,0,0,0
"YER126C",0,0,0,0,0,0,0,0,0,0,0,0,0,0,0,0,0,0,0,0,0,0,0,0,0,0,0.00318596183805061,0,0,0,0,0,0,0,0,0,0,0,0,0,0,0
"YER127W",0,0,0,0,0,0,0,0,0,0,0,0,0,0,0,0,0,0,0,0,0,0,0,0,0,0,0.0106313720923141,0,0,0,0,0,0,0,0,0,0,0,0,0,0,0
"YER129W",0,0,0,0,0,0,0,0,0,0,0,0,0,-0.00613131742211519,0,0,0,0,0,0,0,0,0,0,0,0,0,0,0,0,0,0,0,0,0,0,0,0,0,0,0,0
"YER134C",0,0,0,0,0,0.00712717812860394,0,0,0,0,0,0,0,0,0,0,0,0,0,0,0,0,0,0,0,0,0,0,0,0,0,0,0,0,0,0,0,0,0,0,0,0
"YER141W",0,0,0,0,0,0,0,0,0,0,0,0,0,0,0,0,0,0,0,0,0,0,0,0,0,0,0,0.180278173515708,0,0,0,0,0,0,0,0,0,0,0,0,0,0
"YER145C",0,0,0,0,0,0,0,0,0,0,0,0,0,0,0,0,0,0,0,0,0,0,0,0,0,0,0,0,0,0,0,0.000425091926848125,0,0,0,0,0,0,0,0,0,0
"YER146W",0,0,0,0,0,0,0,0,0,0,0,0,0,0,0,0,0,0,0,0,0,0,0,0,0,0,0,0,0,0,0,0.000544039029962127,0,0,0,0,0,0,0,0,0,0
"YER174C",0.000157560920897078,0,0,0,0,0,0,0,0,0,0,0,0,0,0,0,0,-0.0038998246549213,0,0,0,0,0,0,0,0,0,0,0,0,0,0,0,0,0,0,-0.00608024043907847,0,0,0,0,0
"YER177W",0,0,0,0,0,0,0,0,0,0,0,0,0,0,0,0,0,0,0,0,0,0,0,0,0,0,0.0161374856593878,0,0,0,0,0,0,0,0,0.0234729953395193,0,0,0,0,0,0
"YFL004W",0,0,0,0,0,0,0.00314572466023355,0,0,0,0,0,0,0,0,0,0,0,0,0,0,0,0,0,0,0,0,0,0,0,0,0,0,0,-0.017421491720915,0,0,0,0,0,0,0
"YFL010W-A",0,0,0,0,0,0,0,-0.000902715013747145,0,0,0,0,0,0.003412098268565,0,0,0,0,0,0,0,0,0,0,0,0,0,0,0,0,0,0,0,0,0,0,0,0,0,0,0,0
"YFL021W",0,0,0,0,0,0,0,0,0,0,0,0,0,0,0,0,0,0,0,0,0,0,0,0,0,0,-0.0530820996749293,0,0,0,0,0,0,0,0,0,0,0,0,0,0,0
"YFL022C",0,0,0,0,0,0,0,0,0,0,0,0,0,0,0,0,0,0,0,0,0,0,0,0,0,0,-0.00991786776437659,0,0,0,0,0,0,0,0,0,0,0,0,0,0,0
"YFL023W",0,0,0,0,0,0,0,0,0,0,0,0,0,0,0,0,0,0,0,0,0,0,0,0,0,0,0,0,0,0,0,0,0,0,0,0,0,0,0,0,0,0
"YFL024C",0,0,0,0,0,0,0,0,0,0,0,0,0,0,0,0,0,0,0,0,0,0,0,0,0,0,0,0,0,0,0,0,0,0,0,0,0,0,0,0,0,0
"YFL026W",0,0,0,0,0,0,0,0,0,0,0,0,0,0,0,0,0,0,-0.00440919567228105,0,0,0,0,0,0,0,0,0,0,0,0,0,0,0,0,0,0,0,0,0,0,0
"YFL027C",0,0,0,0,0,0,0,0,0,0,0,0,0,0,0,0,0,0,0.00194732928992682,0,0,0,0,0,0,0,0,0,0,0,0,0,0,0,0,0,0,0,0,0,0,0
"YFL039C",0,0.00271248796671743,0,0,0,0,0,0,0,0,0,0,0,0,0,0,0,0,0,0,0,0,0,0,0,0,0,0,0,0,0,0,0,0,0,0,0,0,0,0,0,0
"YFL040W",0,0,0,0,0,0,0,-0.0666321697338397,0,0,0,0,0,0,0,0,0,0,0,0,0,0,0,0,0,0,0,0,0,0,0,0,0,0,0,0,0,0,0,0,0,0
"YFL056C",0,0,0,0,0,0,0,0,0,0,0,0,0,0,0,0,0,0,0,0,0,0,0,0,0,0,0,0,0,-0.00427205926719933,0,0,0,0,0,0,0,0,0,0,0,0
"YFR001W",0,0,0,0,0,0,0,0,0,0,0,0,0,0,0,-0.0118914984374919,0,0,0,0,0,0,0,0,0,0,0,0,0,0,0,0,0,0,0,0,0,0,0,0,0,0
"YFR003C",0,0,0,0,0,0,0,0,0,0,0,0,0,0,0,0,0,0,0,0,0,0.0181130462177391,0,0,0,0,0,0,0,0,0,0,0,0,0,0,0,0,0,0,0,0
"YFR004W",0,0,0,0,0,0,0,0,0,0,0,0,0,0,0,0,0,0,0,0,0,0.00956714846902263,0,0,0,0,0,0,0,0,0,0,0,0,0,0,0,0,0,0,0,0
"YFR005C",0,0,0,0,0,0,0,0,0,0,0,0,0,0,0,0,0,0,0,0,0,0,0,0,0,0,0,0,0,0,0,0,0,0,0,0,0,0,0,0,0,0
"YFR006W",0,0,0,0,0,0,0,0,0,0,0,0,0,0,0,0,0,0,0,0,0,0,0,0,0,0,0,0,0,0,0,0,0,0,0,0,0,0,0,0,0,0
"YFR017C",0,0,0,0.094846155724226,0.0483410481089936,0,0,0,0,0,0,0,0,0,0,0,0,0,0,0,0,0,0,0,0,0,-0.000710991453321474,0,0,0,0,0,0,0,0,0,0,0,0,0,0,0
"YFR023W",0,0,0,0,0,0,0,0,0,0,0,0,0,0,0,0,0,0,0,0,0,0.0225174235033087,0,0,0,0,0,0,0,0,0,0,0,0,0,0,0,0,0,0,0,0
"YFR030W",0,0,0,0,0,0.0102918577741083,0,0,0,0,0,0,0,0,0,0,0,0,0,0,0,0,0,0,0,0,0,0,0,0,0,0,0,0,0,0.0279647908048093,0,0,0,0,0,0
"YFR033C",0,0,0,0,0,0,0,0,0,0,0,0,0,0,0,0,0,0,0,0,0,0,0,0,0,0,0,0.0541686740294626,0,0,0,0,0,0,0,0,0,0,0,0,0,0
"YGL001C",0,0,0,0,0,0,0,0,0,0,0,0,0,0,0,0,0,0,0,0,0,0,0,0,0,0.0264012301439053,0,0.0333772131727782,0,0,-0.00646429227478302,0,0,0,0,-0.00526881412692492,0,0,0,0.0100376767539826,0,0
"YGL009C",0,0,0,0,0,0,0,0,0,0,0,0,0,0,0,0,0,0,0,0,0,0,0,0,0,0,0,0,-0.00226526015702576,0,0,0,0,0,0,0,0,0,0,0,0,0
"YGL028C",0,0,0,0,0,0,0,0,0,0,0,0,0,0,0,0,0,0,0,0,0,0,0,0,0,0,-0.211138521054339,0,0,0,0,0,0,0,0,0,0,0,0,0,0,0
"YGL032C",0,0,0,0,0,0,0,0,0,0,0,0,0,0,0,0,0,0,0.00472669642050417,0,0,0,0,0,0,0,0,0,0,0,0,0,0,0,0,0,0,0,0,0,0,0
"YGL055W",0,0,0,0,0,0,0,0,0,0,0,0,0,0,0,0,0,0,0,0,0,0,0,0,0,0,0,-0.0363855141563675,0,0,0,0,0,0,0,0,0,0,0,0,0,0
"YGL056C",0,0,0,0,0,0,0,0,0,0,0,0,0,0,0,0,0,0,0,0,0,0,0,0,0,0,0,-0.00773685138256709,0,0,0,0,0,0,0,0,0,0,0,0,0,0
"YGL079W",0,0,0,0,0,0,0,0,0,0,0,0,0,-0.00475204657814874,0,0,0,0,0,0,0,0,0,0,0,0,0,0,0,0,0,0,0,0,0,0,0,0,0,0,0,0
"YGL092W",0,0,0,0,0,0,0,0,0,0,0,0,0,0,0,0,0,0,0,0,0,-0.0158239207921158,0,0,0,0,0,0,0,0,0,0,0,0,0,0,0,0,0,0,0,0
"YGL099W",0,0,0,0,0,0,0,0,0,0,0,0,0,-0.00899402049641101,0,0,0,0,0,0,0,0,0,0,0,0,0,0,0,0,0,0,0,0,0,0,0,0,0,0,0,0
"YGL108C",0,0,0,0,0.0340127082808465,0,0,0,0,0,0,0,0,0,0,0,0,0,0,0,0,0,0,0,0,0,0,0,0,0,0,0,0,0,0,0,0,0,0,0,0,0
"YGL116W",0,0,0,0,0,0,0,0,0,0,0,0,0,0,0,0,0,0,0,0,0,-0.0153888630184141,0,0,0,0,0,0,0,0,0,0,0.0100522440712495,0,0,0,0,0,0,0,0,0
"YGL135W",0,0,0,0,0,0,0,0,0,0,0,0,0,0,0,0,0,0,0,0,0,0,0,0,0,0,0,0,0,0,0,0,0,0,0,0,0,0,0,0,0,-0.00540267930003674
"YGL136C",0,0,0,0,0,0,0,0,0,0,0,0,0,0,0,0,0,0,0,0,0,0,0,0,0,0,0,0,0,0,0,0,0,0,0,0,0,0,0,0,0,-0.00452751759690429
"YGL137W",0,0,0,0,0,0,0,-0.00243497063933262,0,0,0,0,0,0,0,0,0,0,0,0,0,0,0,0,0,0,0,0,0,0,0,0,0,0,0,0,0,0,0,0,0,0
"YGL138C",0,0,0,0,0,0,0,-0.0290492309645298,0,0,0,0,0,0,0,0,0,0,0,0,0,0,0,0,0,0,0,0,0,0,0,0,0,0,0,0,0,0,0,0,0,0
"YGL158W",0,0,0,0,0,0,0,0,0,0,0,0,0,0,0,0,0,0,0,0,0,0,0,0,0,0,0,0,0,0,0,0,0,0,0,0,0,0,-0.00275283678010706,0,0,0
"YGL183C",0,0,0,0,0,0,0,0,0,0,0,0,0,0,0,0,0,0,0,0,0,0,0,0,0,0,0,0,0,0,0,0,-0.00170975144207441,0,0,0,0,0,0,0,0,0
"YGL184C",0,0,0,0,0,0,0,0,0,0,0.0231286931728027,0,0,0,0,0,0,0,0,0,0,0,0,0,0,0,0,0,0,0,0,0,0,0,0,0,0,0.0844031565138448,0,0,0,0
"YGL187C",0.0116638246787399,0,0,0,0,0,0,0,0,0,0,0,0,0,0,0,0,0.00968026239068283,0,0,0,0,0,0,0,-0.411023526310069,0,0,0,0,0,0,0,0,0,0,0,0,0,0,0,0
"YGL227W",0,0,0,0,0.0489074949787209,0,0,0,0,0,0,0,0,0,0,0,0,0,0,0,0,0,0,0,0,0,-0.0065518359831487,0,0,0,0,0,0,0,0,0,0,0,0,0,0,0
"YGL228W",0,0,0,0,0,0,0,0,0,0,0,0,0,0,0,0,0,0,0,0,0,0,0,0,0,0,-0.0110040626639448,0,0,0,0,0,0,0,0,0,0,0,0,0,0,0
"YGL229C",0,0,0,0,0,0,0,0,0,0,0,0,0,0,0,0,0,0,0,0,0,0,0,0,0,0,-0.0251608384154205,0,0,0,0,0,0,0,0,0,0,0,0,0,0,0
"YGL253W",0,0,0,0,0,0,0,0,0,0,0,0,0,0,0,0,0,0,0,0,0,0,0,0,0,0,0,0,0,0,0,0,0,0,0.00689932018140695,0,0,0,0,0,0,0
"YGL256W",0,0,0,0,0,0,0,0,0,0,0,0,0,0,0,0,0,0,0,0,0,0.010622019094784,0,0,0,0,0,0,0,0,0,0,0,0,0,0,0,0,0,0,0,0
"YGL257C",0,0,0,0,0,0,0,0,0,0,0,0,0,0,0,0,0,0,0,0,0,-0.00055215112917816,0,0,0,0,0,0,0,0,0,0,0,0,0,0,0,0,0,0,0,0
"YGL259W",0,0,0.00323317708730229,0,0,0,0,0,0,0,0,0,0,0,0,0,0,0,0,0,0,0,0,0,0,0,0,0,0,0,0,0,0,0,0,0,0,0,0,0,0,0
"YGR014W",0,0.00248620787610453,0,0,0,0,0,0,0,0,0,0,0,0,0,0,0,0,0.00524423613323125,0,0,0,0,0,0,0,0,0,0,0,0,0,0,0,0,0,0,0,0,0,0,0
"YGR035C",0,0,0,0,0,0,0,0,0,0,0,0,0,0,0,0,0,0,0,0,0,0,0,0,0,0,0,-0.0511364153864687,0,0,0,0,0,0,-0.00779371384980863,0,0,0,0,0,0,0
"YGR041W",0,0,0,0,0,0,0,0,0,0,0,0,0,0,0,0,0,0,0,0,0,0,0,0,0,0,-0.100576588309721,0,0,0,0,0,0,0,0,0,0,0,0,0,0,0
"YGR055W",0,0,0,0,0,0,0,0,0,-0.0134989553399121,0,0,0,0,0,0,0,0,0,0,0,0,0,0,0,0,0,0,0,0,0,0,0,0,0,0,0,0,0,0,0,0
"YGR060W",0,0,0,0,0,0,0,0,0,0,0,0,0,0,0,0,0,0,0,0,0,0,0,0,0,0,0,0.0312251507267331,0,0,0,0,0,0,0,0,0,0,0,0,0,0
"YGR067C",0,0,0,0,0,0,0,0,0,0,0,0,0,0,0,0,0.00356297496027256,0,0,0,0,0,0,0,0,0,0,0,0,0,0,0,0,0,0,0,0,0,0,0,0,0
"YGR069W",0,0,0,0,0,0,0,0,0,0,0,0,0,0,0,0,-0.0029676675811385,0,0,0,0,0,0,0,0,0,0,0,0,0,0,0,0,0,0,0,0,0,0,0,0,0
"YGR088W",0,0,0,0,0,0,0,0,0,0,0,0,0,0,0,0,0,0,0,0,0,0,0,0,0,0,0,0.465395859366123,0,0,0,0,0,0,0,0,0,0,0,0,0,0
"YGR092W",0,0,0,0,0,0,0,0,0,0,0,0,0,0,0,0,0,0,0,0,0,0.000579163726661436,0,0,0,0,0,0,0,0,0,0,0.0437798606690265,0,0,0,0,0,0,0,0,0
"YGR098C",0,0,0,0,0,0,0,0,0,0,0,0,0,0,0,0,0,0,0,0,0,-0.00854965164474852,0,0,0,0,0,0,0,0,0,0,0,0,0,0,0,0,0,0,0,0
"YGR099W",0,0,0,0,0,0,0,0,0,0,0,0,0,0,0,0,0,0,0,0,0,-0.00409889261314469,0,0,0,0,0,0,0,0,0,0,0,0,0,0,0,0,0,0,0,0
"YGR110W",0,0,0,0,0,0,0,0,0,0,0,0,0,0,0,0,0,0,0,0,0,0,0,0,0,0,0,0.0669647764270356,0,0,0,0,0,0,0,0,0,0,0,0,0,0
"YGR171C",0,0,0,0,0,0,0,0,0,0,0,0,0,0,0,0,0,0,0,0,0,0,0,0,0,0,0,0,0,0,0,0,0,0,-0.00582589558641119,0,0,0,0,0,0,0
"YGR175C",0,0,0,0,0,0,0,0,0,0,0,0,0,0,0,0,0,0,0,0,0,0,0,0,0,0,0,0.0684702047236178,0,0,0,0,0,0,0,0,0,0,0,0,0,0
"YGR176W",0,0,0,0,0,0,0,0,0,0,0,0,0,0,0,0,0,0,0,0,0,0,0,0,0,0,0,0.0114381000143874,0,0,0,0,0,0,0,0,0,0,0,0,0,0
"YGR180C",0,0,0,0,0,0,0,0,0,0,0,0,0,0,0,0,0,0,0,0,0,0,0,0,0,0,0,0,0,0,0,0,0,0,0.000693768562573181,0,0,0,0,0,0,0
"YGR183C",0,0,0,0,0,0,0,0,0,0,0,0,0,0,0,0,0,0,0,0,0,0,0,0,0,-0.302822597744475,0,0.0353200537486705,0,0,0,0,0,0,0,0,0,0,0,0,0,0
"YGR189C",0,0,0,0,0.0264141944506754,0,0,0,0,0,0,0,0,0,0,0,0,0,-0.00757257956624094,0,0,0,0,0,0,0,0,0,0,0,0,0,0,0,0,0,0,0,-0.00230073761556123,0,0,0
"YGR192C",0,0,0,0,0,0,0,0,0,0,0,0,0,0,0,0,0,0,0,0,0,0,0,0,0,0,0,0,0,0,0,0,0,0,0,0.0171774287422738,0,0,0,0,0,0
"YGR204W",0,0,0,0,0,-0.00539916560786073,0,0,0,0,0,0,0,0,0,0,0,0,0,0,0,0,0,0,0,0,0,0,0,0,0,0,0,0,0,0,0,0.0241959480064907,0,0,0,0
"YGR218W",0,0,0,0,0,0,0,0,0,0,0,0,0,0,0,0,0,0,0,0.00207989357404514,0,0,0,0,0,0,0,0,0,0,0,0,0,0,0,0,0,0,0,0,0,0
"YGR233C",0,0,0,0,0,0,0,0,-0.0038036924545171,0,0,0,0,0,0,0,0,0,0,0,0,0,0,0,0,0,0,0,0,0,0,0,0,0,0,0,0,0,0,0,0,0
"YGR234W",0,0,0,0,0,0,0,0,0,0,0,0,0,0,0,0,0,0.00885399779635484,0,0,0,0,0,0,0,0,0,-0.0290694308941007,0,-0.0272018344935149,0,0,0,0,0,0,0,0,0,0,0,0
"YGR238C",0,0,0,0,0,0,0.00640641982042662,0,0,0,0,0,0,0,0,0,0,0,0,0,0,0,0,0,0,0,0,0,0,0,0,0,0,0,-0.055133141062987,0,0,0,0,0,0,0
"YGR251W",0,0,0,0,0,0,0,0,0,0,0,0,0,0,0,0,0,0,0,0,0,0,0,0.00186791638279115,0,0,0,0,0,0,0,0,0,0,0,0,0,0,0,0,0,0
"YGR254W",0,0,0,0,0.0223472960490284,0,0,0,0,0,0,0,0,0,0,0,0,0,0,0,0,0,0,0,0,0,0,0,0,0,0,0,0,0,0,0,0,0,0,0,0,0
"YGR258C",0,0,0,0,0,0,0,-0.00937132109821454,0,0,0,0,0,0,0,0,0,0,0,0,0,0,0,0,0,0,0,0,0,0,0,0,0,0,0,0,0,0,0,0,0,0
"YGR260W",0,0,0,0,0,0,0,-0.0695200759896238,0,0,0,0,0,0,0,0,0,0,0,0,0,0,0,0,0,0,0,0,0,0,0,0,0,0,0,0,0,0,0,0,0,0
"YGR264C",0,0,0,0,0,0,0,0,0,0,0,0,0,0,0,0,0,0,0,0,0,0,0,0,0,0,0,-0.0463390641837069,0,0,0,0,0,0,0,0,0,0,0,0,0,0
"YGR266W",0,0,0,0,0,0,0,0,0,0,0,0,0,0,0,0,0,0,0,0,0,0,0,0,0,0,0,0.0156020797484517,0,0,0,0,0,0,0,0,0,0,0,0,0,0
"YGR279C",0,0,0,0,0,0,0,0,0,0,0,0,0,0,0,0,0,0,0,0,0.0611716772413625,0,0,0,0,0,0,0,0,0,0,0,0,0,0,0,0,0,0,0,0,0
"YGR282C",0,0,0.000899660686011551,0,0,0,0,0,0,0,0,0,0,0,0,0,0,0,0,0,0,0,0,0,0,0,0,0,0,0,0,0,0,0,0,0,0,0,0,0,0,0
"YHL024W",0,0,0,0,0,0,0,0,0,0,0,0,0,0,0,0,0,0,0,0,0,0,0,0,0,0,0,0,0,0,0,0,0.0896109316236736,0,0,0,0,0,0,0,0,0
"YHL034C",0,0,0,0,0,0,0,0,0,0,0,0,0,0,0,0,0,0,0,0,0,0,0,0,0,0,0,0,0,0,0,0,0,0,0.0188683618651908,0,0,0,0,0,0,0
"YHL041W",0,0,0,0,0,0,0,0,0,0,0,0,0,0,0,0,0,0,0,0,0,0,0,0,0,0,0,0,0,0,0,0,0,0,0,0,0,0,-0.00605841627411319,0,0,0
"YHR001W-A",0.0012821498416851,0,0,0,0,0,0,0,0,0,0,0,0,0,0,0,0,0,0,0,0,0,0,0,0,-0.34256180382419,0,0,0,0,0,0,0,0,0,0,0,0,0,0,0,0
"YHR005C",0,0,0,0,0,0,0,0,0,0,0,0,0,0,0,0,0,0,0.0105007432137443,0,0,0,0,0,0,0,0,0,0,0,0,0,0,0,0,0,0,0,0,0,0,0
"YHR007C",0,0,0,0,0,0,0,0,0,0,0,0,0,0,0,0,0,0,0,0,0,0,0,0,0,0,0,0.044962401049393,0,0,0,0,0,0,0,0,0,0,0,0,0,0
"YHR018C",0,0,0,0,0,0,0,0,0,0,0.103613751126913,0,0,0,0,0,0,0,0,0,0,0,0,0,0,0,0,0,0,0,0,0,0,0,0,0,0,0,0,0,0,0
"YHR048W",0,0,0,0,0,0,0,0,0,0,0,0,0,0,0,0,0,0,0,0,0,0,0,0,0,0,0,0,0,-0.00577009857095585,0,0,0,0,0,0,0,0,0,0,0,0
"YHR049W",0,0,0,0,0,0,0,0,0,0,0,0,0,0,0,0,0,0,0,0,0,0,0,0,0,0,0,0,0,0,0,0,0,0,0.0118497795072872,0,0,0,0,0,0,0
"YHR051W",0,0,0,0,0,0,0,0,0,0,0,0,0,0,0,0,0,0.0146747621294351,0,0,0,0,0,0,0,-0.197940333181347,0,0.034372243260954,0,0,0,0,0,0,0,0,0,0,0,0,0,0
"YHR061C",0,0,0,0,0,0,0,0,0,0,0,0,0,0,0,0,0,0,0,0,0,0,0,0,0,0,0,0,0,0,0,0,0.00281918178965371,0,0,0,0,0,0,0,0,0
"YHR071W",0,0,0,0,0,0,0,0,0,0,0.0145899405261776,0,0,0,0,0,0,0,0,0,0,0,0,0,0,0,0,0,0,0,0,0,0,0,0,0,0,0,0,0,0,0
"YHR080C",0,0,-0.000741938886745485,0,0,0,0,0,0,0,0,0,0,0,0,0,0,0,0,0,0,0,0,0,0,0,0,0,0,0,0,0,0,0,0,0,0,0,0,0,0,0
"YHR081W",0,0,-0.00264662938462336,0,0,0,0,0,0,0,0,0,0,0,0,0,0,0,0,0,0,0,0,0,0,0,0,0,0,0,0,0,0,0,0,0,0,0,0,0,0,0
"YHR082C",0,0,0,0,0,0,0,0,0,0,0,0,0,0,0,0,0,0,-0.0046228589421398,0,0,0,0,0,0,0,0,0,0,0,0,0,0,0,0,0,0,0,0,0,0,0
"YHR083W",0,0,0,0,0,0,0,0,0,0,0,0,0,0,0,0,0,0,-0.00446757479744817,0,0,0,0,0,0,0,0,0,0,0,0,0,0,0,0,0,0,0,0,0,0,0
"YHR087W",0,0,0,0,0,0,0,0,0,0,0,0,0,0,0.0579201346671462,0,0,0,0,0,0,0,0,0,-0.0181401118310656,0,0,0,0,0,0,0,0,0,0,0,0,0,0,0,0,0
"YHR091C",0,0,0.00012853364722604,0,0,0,0,0,0,0,0,0,0,0,-0.00675555422354595,0,0,0,0,0,0,0,0,0,0,0,0,0,0,0,0,0,0,0,0,0,0,0,0,0,0.0157782638635243,0
"YHR117W",0,0,0,0,0,-0.00869368575399375,0,0,0,0,0,0,0,0,0,0,0,0,0,0,0,0,0,0,0,0,0,0,0,0,0,0,0,0,0,0,0,0,0,0,0,0
"YHR130C",0,0,0,0,0,0,0,0,0,0,0,0,0,0.00156972538321452,0,0,0,0,0,0,0,0,0,0,0,0,0,0,0,0,0,0,0,0,0,0,0,0,0,0,0,0
"YHR131C",0,0,0,0,0,0,0,0,0,0,0,0,0,-0.000902421713711893,0,0,0,0,0,0,0,0,0,0,0,0,0,0,0,0,0,0,0,0,0,0,0,0,0,0,0,0
"YHR132W-A",0,0,0,0,0,0,0,0,0,0,0,0,0,0.0093676651130598,0,0,0,0,0,0,0,0,0,0,0,0,0,0,0,0,0,0,0,0,0,0,0,0,0,0,0,0
"YHR135C",0,0,0,0,0,0,0,0,0,0,0,0,0,0,0,0,0,0,0,0,0,0,0,0,0,0,0,0,0,0,0,0,0,0,0,0,0,0,0,0,0,0
"YHR136C",0,0,0,0,0,0,0,0,0,0,0,0,0,0,0,0,0,0,0,0,0,0,0,0,0,0,0,0,0,0,0,0,0,0,0,0,0,0,0,0,0,0
"YHR137W",0,0,0,0,0,0,0,0,0,0,0,0,0,0,0,0,0,0,0,0,0,0,0,0,0,0,0,0,0,0,0,0,0,0,0,0,0,0,0,0,0,0
"YHR138C",0,0,0,0,0.100494523065428,0,0,0,0,0,0,0,0,0,0,0,0,0,0,0,0,0,0,0,0,0,0,0,0,0,0,0,0,0,0,0,0,0,0,0,0,0
"YHR139C",0,0,0,0,0,0,0,0,0,0,0,0,0,0,0,0,0,0,0,0,0,0,0,0,0,0,0,0,0,0,0,0,0,0,0,0,0,0,0,0,0,0
"YHR139C-A",0,0,0,0,0,0,0,0,0,0,0,0,0,0,0,0,0,0,0,0,0,0,0,0,0,0,0,0,0,0,0,0,0,0,0,0,0,0,0,0,0,0
"YHR140W",0,0,0,0,0,0,0,0,0,0,0,0,0,0,0,0,0,0,0,0,0,0,0,0,0,0,0,0,0,0,0,0,0,0,0,0,0,0,0,0,0,0
"YHR141C",0,0,0,0,0,0,0,0,0,0,0,0,0,0,0.00695718721995849,0,0,0,0,0,0,0,0,0,0,0,0,0,0,0,0,0,0,0,0,0,0,0,0,0,0,0
"YHR142W",0,0,0,0,0,0,0,0,0,0,0,0,0,0,-0.00443286094281166,0,0,0,0,0,0,0,0,0,0,0,0,0,0,0,0,0,0,0,0,0,0,0,0,0,0,0
"YHR143W",0,0,0,0,0,0,0,0,0,0,0,0,0,0,0,0,0,0,0,0,0,-0.0167549412522728,0,0,0,0,-0.224007177614965,0,0,0,0,0,0.0118394124661292,0,0,0,0,0,0,0,0,0
"YHR151C",0,0,0,0,0,0,0,0,0,0,0,0,0,0,0,0,0,0,0,0,0,0,0,0,0,0,0,0,0,0,0,0,-0.0156608904605469,0,0,0,0,0,0,0,0,0
"YHR152W",0,0,0,0,0,0,0,0,0,0,0,0,0,0,0,0,0,0,0,0,0,0,0,0,0,0,0,0,0,0,0,0,0.0297966842483214,0,0,0,0,0,0,0,0,0
"YHR156C",0,0,0,0,0,0,0,0,0,0,0,0,0,0,0,0,0,0,0,0.00124578073137013,0,0,0,0,0,0,0,0,0,0,0,0,0,0,0,0,0,0,0,0,0,0
"YHR157W",0,0,0,0,0,0,0,0,0,0,0,0,0,0,0,0,0,0,0,0.00136688935160837,0,0,0,0,0,0,0,0,0,0,0,0,0,0,0,0,0,0,0,0,0,0
"YHR161C",0,0,0,0,0,0,0,0,0,0,0,0,0,0,0,0,0,0,0,-0.00485926665578904,0,0,0,0,0,0,0,0,0,0,0,0,0,0,0,0,0,0,0,0,0,0
"YHR162W",0,0,0,0,0,0,0,0,0,0,0,0,0,0,0,0,0,0,0,0.00610169033930404,0,0,0,0,0,0,0,0,0,0,0,0,0,0,0,0,0,0,0,0,0,0
"YHR163W",0,0,0,0,0,0,0,0,0,0,0,0,0,0,0,0,0,0,0,-0.004143970010477,0,0,0,0,0,0,0,0,0,0,0,0,0,0,0,0,0,0,0,0,0,0
"YHR179W",0,0,0,0,0,0,0,0,0,0,0,0,0,0,0,0,0,0,0,0,0,0,0,0,0,0,0,0,0,0.00624149925449177,0,0,0,0,0,0,0,0,0,0,0,0
"YHR183W",0,0,0,0,0,0,0,0,0,0,0,0,0,0,0,0,0,0,0,-0.00133553264280327,0,0,0,0,0,0,0,0,0,0,0,0,0,0,0,0,0,0,0,0,0,0
"YHR185C",0,0,0,0,0,0,0,-0.105556173635872,0,0,0,0,0,0,0,0,0,0,0,0,0,0,0,0,0,0,0,0,0,0,0,0,0,0,0,0,0,0,0,0,0,0
"YHR190W",0,0,0,0,0,0,0,0,0,0,0,0,0,0,0,0,0,0,0,0,0,0,0,0,0,0,0,0.0393160900158516,0,0,0,0,0,0,0,0,0,0,0,0,0,0
"YHR193C",0,0,0.000647909334432805,0,0,0,0,0,0,0,0,0,0,0,0.000314137831427125,0,0,0,0,0,0,0,0,0,0,-0.00312007773820283,-0.00672309938110861,0,0,0,0,0.0061413365277302,0,0,0,0,0,-0.0172678323288729,-0.00975970538040791,0,0,-0.0148912287408022
"YHR194W",0,0,0.0221776175685696,0,0,0,0,0,0,0,0,0,0,0,0.0113467554908847,0,0,0,0,0,0,0,0,0,0,0.0254663276092589,0.0116882832456664,0,0,0,0,0.00376090496745149,0,0,0,0,0,0.0112639435945635,0.0134903150081634,0,0,-0.00267413449773337
"YHR195W",0,0,0,0,0,0,0,0,0,0,0,0,0,0,0,0,0,0,0,0,0,0,0,0,0,0,-0.00929206829587793,0,0,0,0,0,0,0,0,0,0,0,0,0,0,0
"YHR207C",0,0,0,0,0,0,0,0,0,0,0,0,0,0,0,0,0,0,0,0,0,0,0,0,0,0,0,0,0.00658845000347999,0,0,0,0,0,0,0,0,0,0,0,0,0
"YHR208W",0,0,0,0,0,0,0,0,0,0,0,0,0,0,0,0,0,0,0,0,0,0,0,0,0,0,0,0,-0.0226939767842487,0,0,0,0,0,0,0,0,0,0,0,0,0
"YIL009W",0,0,0,0,-0.0292090762791213,0,0,0,0,0,0,0,0,0,0,0,0,0,0,0,0,0,0,0,0,0,0,0,0,0,0,0,0,0,0,0,0,0,0,0,0,0
"YIL010W",0,0,0,0,0,0,0,0,0,0,0,0,0,0,0,0,0,0,0,0,0,0,0,-0.00335556888279226,0,0,0,0,0,0,0,0,0,0,0,0,0,0,0,0,0,0
"YIL012W",0,0,0,0,0,0,0,0,0,0,0,0,0,0,0,0,0,0,0,0,0,0,0,-0.00329641835624396,0,0,0,0,0,0,0,0,0,0,0,0,0,0,0,0,0,0
"YIL013C",0,0,0,0,0,0,0,0,0,0,0,0,0,0,0,0,0,0,0,0,0,0,0,-0.00895697726750383,0,0,0,0,0,0,0,0,0,0,0,0,0,0,0,0,0,0
"YIL019W",0,0,0,-0.140014126247662,0,0,0,0,0,0,0,0,0,0,0,0,0,0,0,0,0,0,0,0,0,0,0,0,0,0,0,0,0,0,0,0,0,0,0,0,0,0
"YIL020C",0,0,0,-0.0487766505470602,0,0,0,0,0,0,0,0,0,0,0,0,0,0,0,0,0,0,0,0,0,0,0,0,0,0,0,0,0,0,0,0,0,0,0,0,0,0
"YIL037C",0,0,0,0,0,0,0,0,0,0,0,0,0,0,0,0,0,0,0.00435143058211959,0,0,0,0,0,0,0,0,0,0,0,0,0,0,0,0,0,0,0,0,0,0,0
"YIL050W",0,0,0,0,0.0295547645317792,0,0,0,0,0,0,0,0,0,0,0,0,0,0,0,0,0,0,0,0,0,0,0,0,0,0,0,0,0,0,0,0,0,0,0,0,0
"YIL051C",0,0,0,0,0.0322156421492832,0,0,0,0,0,0,0,0,0,0,0,0,0,0,0,0,0,0,0,0,0,0,0,0,0,0,0,0,0,0,0,0,0,0,0,0,0
"YIL076W",0,0,0,0,0,0,0,0,0,0,0,0,0,0,0,0,0,0,0,0,0,0.00690552714693458,0,0,0,0,0,0,0,0,0,0,0,0,0,0,0,0,0,0,0,0
"YIL077C",0,0,0,0,0,0,0,0,0,0,0,0,0,0,0,0,0,0,0,0,0,0.00717298076128715,0,0,0,0,0,0,0,0,0,0,0,0,0,0,0,0,0,0,0,0
"YIL083C",0,0,0,0,0,0,0,0,0,0,0,0,0,0,0,0,0,0,-0.000555125289547711,0,0,0,0,0,0,0,0,0,0,0,0,0,0,0,0,0,0,0,0,0,0,0
"YIL097W",0,0,0,0.0553587789161936,0,0,0,0,0,0,0,0,0,0,0,0,0,0,0,0,0,0,0,0,0,0,0,0,0,0,0,0,0,0,0,0,0,0,0,0,0,0
"YIL098C",0,0,0,0.0302179297480692,0,0,0,0,0,0,0,0,0,0,0,0,0,0,0,0,0,0,0,0,0,0,0,0,0,0,0,0,0,0,0,0,0,0,0,0,0,0
"YIL099W",0,0,0,0.0249538558997104,0,0,0.00298927536151462,0,0,0,0,0,0,0,0,0,0,0,0,0,0.0365171051303967,0,0,0.0077552740763717,0,0,0,0,0,0,0,0,0,0,0,0,0,0,0,0,0,0.0251387181932166
"YIL118W",0,0,0,0,0,0,-0.00115089908655185,0,0,0,0,0,0,0,0,0,0,0,0,0,0,0,0,0,0,0,0,0,0,0,0,0,0,0,0,0,0,0,0,0,0,0
"YIL119C",0,-0.00966469792843504,0,0.0496096718018686,0,0,-0.0117404517853174,0,0,0,0,0,0,0,0,0,-0.00190034485798258,0,0,0,0,0,0,0,0,0,0,0,0,0,0,0,0,0,0.025387936046799,0,0,0,0,0,0,0
"YIL122W",0,0,0,0,0,0,0,0,0,0,0,0,0,0,0,0,0,0,0,0,0,0,0,0,0,0,0,0,0,0,0,0,0,0,0,0,0,0,-0.00811122404101017,0,0,0
"YIL128W",0,0,0,0,-0.0167543257672175,0,0,0,0,0,0,0,0,0,0,0,0,0,0,0,0,0,0,0,0,0,0,0,0,0,0,0,0,0,0,0,0,0,0,0,0,0
"YIL129C",0,0,0,0,-0.0187212889884748,0,0,0,0,0,0,0,0,0,0,0,0,0,0,0,0,0,0,0,0,0,0,0,0,0,0,0,0,0,0,0,0,0,0,0,0,0
"YIL155C",0,0,0,0,0,0,0,0,0,0,0,0,0,0,0,0,0,0,0,0,0,0,0,0,0,0,0,0.128073006942752,0,0,0,0,0,0,0,0,0,0,0,0,0,0
"YIL158W",0,0,0,0,0,0,0,0,0,0,0,0,0,0,0,0,0,0,0,0,0,0,0,0,0,0,0,0,0,0,0,0,0.000866421339758502,0,0,0,0,0,0,0,0,0
"YIR001C",0,0,0,0,0,0,0,0,0,0,0,0,0,0,0,0,0,0,0,0,0,0,0,0,0,0,0,0,0,0,0,0,0,0,0.0189684958958711,0,0,0,0,0,0,0
"YIR013C",0,0,0.000556614760383554,-0.00895585890873743,0,0,0,0,0,0,0,0,0,0,0,0,0,0,0,0,0,0,0,0,0,0,0,0,0,0,0,0,0,0,0,0,0,0,0,0,0,0
"YIR014W",0,0,-0.00487998453076233,0.0549825137817477,0,0,0,0,0,0,0,0,0,0,0,0,0,0,0,0,0,0,0,0,0,0,0,0,0,0,0,0,0,0,0,0,0,0,0,0,0,0
"YIR019C",0,0,0,0,0,0,-0.00424207024773552,0,0,0,0,0,0,0,0,0,0,0,0,0,0,0,0,0,0,0,0,0,0,0,0,0,0,0,0,0,0,0,0,0,0,0
"YIR021W",0,0,0,0,0,0,-0.00105203795211498,0,0,0,0,0,0,0,0,0,0,0,0,0,0,0,0,0,0,0,0,0,0,0,0,0,0,0,0,0,0,0,0,0,0,0
"YIR027C",0,0,0,0,0,0,0,-0.0352371300504592,0,0,0,0,0,0,0,0,0,0,0,0,0,0,0,0,0,0,0,0,0,0,0,0,0,-0.00769247873488755,0,0,0,0,0,0,0,0
"YIR028W",0,0,0,0,0,0,0,-0.0259759266805767,0,0,0,0,0,0,0,0,0,0,0,0,0,0,0,0,0,0,0,0,0,0,0,0,0,-0.00181317331587805,0,0,0,0,0,0,0,0
"YJL030W",0,0,0,0,0,0,0,0,0,0,0,0,0,0,0,0,0,0,0,0,0,0,0,0,0,0,0,0,0,0,0,0,0,0,0.0249052620575912,0,0,0,0,0,0,0
"YJL031C",0,0,0,0,0,0,0,0,0,0,0,0,0,0,0,0,0,0,0,0,0,0,0,0,0,0,0,0,0,0,0,0,0,0,0.049678441693179,0,0,0,0,0,0,0
"YJL048C",0,0,0,0,0,0,0,0,0,0,0,0,0,0,0,0,0,0,0,0,0,0,0,0,0,0,0,0.0625658815897559,0,0,0,0,0,0,0,0,0,0,0,0,0,0
"YJL051W",0,0,0,0,0,0,0,0,0,0,0,0,0,0,0,0,0,0,0,0,0,0,0,0,0,0,0,0,0,0,0,0,0.0359078419209987,0,0,0,0,0,0,0,0,0
"YJL055W",0,0,0,0,0,0,0,0,0,0,0,0,0,0,0,0,0,0,0,0,0,0,-0.0021155572968378,0,0,0,0,0,0,0,0,0,0,0,0,0,0,0,0,0,0,0
"YJL078C",0,0,0,0,0.0460969654096907,0,0,0,0,0,0,0,0,0,0,0,0,0,0,0,0,0,0,0,0,0,-0.0743594799190716,0,0,0,0,0,0,0,0,0,0,0,0,0,0,0
"YJL080C",0,0,0,0,-0.040532028345403,0,0,0,0,0,0,0,0,0,0,0,0,0,0,0,0,0,0,0,0,0,-0.00461745762948656,0,0,0,0,0,0,0,0,0,0,0,0,0,0,0
"YJL088W",0,0,0,0,0,0,0,0,0,0,0.0842284848511912,0,0,0,0,0,0,0,0,0,0,0,0,0,0,0,0,0,0,0,0,0,0,0,0,0,0,0,0,0,0,0
"YJL098W",0,0,0,0,0,0,0,0,0,0,0,0,0,0,0,0,0,0,0,0,0,0,0,0,0,0,0,0,0,-0.00351873287427447,0,0,0,0,0,0,0,0,0,0,0,0
"YJL100W",0,0,0,0,0,0,0,0,0.00367018700609333,0,0,0,0,0,0,0,0,0,0,0,0,0,0,0,0,0,0,0,0,-0.00138119855396631,0,0,0,0,0,0,0,0,0,0,0,0
"YJL101C",0,0,0,0,0,0,0,0,0.00108622141454201,0,0,0,0,0,0,0,0,0,0,0,0,0,0,0,0,0,0,0,0,-0.0222724386302584,0,0,0,0,0,0,0,0,0,0,0,0
"YJL105W",0,0,0,0,0,0,0,0,0,0,0,0,0,0,0,0,0,0,0,0,0,0,0,-0.000574742636700465,0,0,0,0,0,0,0,0,0,0,0,0,0,0,0,0,0,0
"YJL115W",0,0,0,0,0,0,0,0,0,0,0,0,0,0,0,0,0,0,0,0,0.0704702185639453,0,0,0,0,0,0,0,0,0,0,0,0,0,0,0,0,0,0,0,0,0
"YJL116C",0,0,0,0,0,0,0,0,0,0,0,0,0,0,0,0,0,0,0,0,0.141155740174253,0,0,0,0,0,0,0,0,0,0,0,0,0,0,0,0,0,0,0,0,0
"YJL148W",0,0,0,0,0,-0.0227981976664544,0,0,0,0,0,0,0,0,0,0,0,0,0,0,0,0,0,0,0,0,0,0,0,0,0,0,0,0,0,0,0,0,0,0,0,0
"YJL158C",0,0,0,0,0,0,0,0,0,0,0,0,0,0,0,0,0,0,0,0,0.00814195070423953,0,0,0,0,0,0,0,0,0,0,0,-0.00234039185738467,0,0,0,0,0,0,0,0,0
"YJL160C",0,0,0,0,-0.0043847484063441,0,0,0,0,0,0,0,0,0,0,0,0,0,0,0,0,0,0,0,0,0,0,0,0,0,0,0,0,0,0,0,0,0,0,0,0,0
"YJL188C",0,0,0,0,0,0,0,0,0,0,0,0,0,0,-0.00222249582006339,0,0,0,0,0,0,0,0,0,0,0,0,0,0,0,0,0,0,0,0,0,0,0,0,0,0,0
"YJL189W",0,0,0,0,0,0,0,0,0,0,0,0,0,0,0,0,0,0,0,0,0,-0.00668009428101389,0,0,0,0,0,0,0,0,0,0,0,0,0,0,0,0,0,0,0,0
"YJL190C",0,0,0,0,0,0,0,0,0,0,0,0,0,0,0,0,0,0,0,0,0,-0.0139818807255735,0,0,0,0,0,0,0,0,0,0,0,0,0,0,0,0,0,0,0,0
"YJL200C",0,0,0,0,0,0,0,0,0,0,-0.0249619070831667,0,0,0,0,0,0,0,0,0,0,0,0,0,0,0,0,0,0,0,0,0,0,0,0,0,0,0,0,0,0,0
"YJL216C",0,0,0,0,0,0,-0.00148538856846721,0,0,0,0,0,0,0,0,0,0,0,0,0,0,0,0,0,0,0,0,0,0,0,0,0,0,0,0,0,0,0,0,0,0,0
"YJL217W",0,0,0,0,0,0,-0.00376358749956386,0,0,0,0,0,0,0,0,0,0,0,0,0,0,0,0,0,0,0,0,0,0,0,0,0,0,0,0,0,0,0,0,0,0,0
"YJL219W",0,0,0,-0.0152656977306199,0,0,-0.000352789253598219,0,0,0,0,0,0,0,0,0,0,0,0,0,0,0,0,0,0,0,0,0,0,0,0,0,0,0,-0.018045684561231,0,0,0,0,0,0,0
"YJL221C",0,0,0,0.0241892269991985,0,0,0.000554696132723721,0,0,0,0,0,0,0,0,0,0,0,0,0,0,0,0,0,0,0,0,0,0,0,0,0,0,0,0.0458327061583317,0,0,0,0,0,0,0
"YJR009C",0,0,0,0,0,0,0,0,0,0,0,0,0,0,0,0,0,0,0,0,0,0,0,0,0,0,0,0,0,0,0,0,0,0,0,0.00580674136992728,0,0,0,0,0,0
"YJR011C",0,0,0,0,0,0,0,0,0,0,0,0,0,0,0,0,0,0,0,0,0,0,0,0,0,0,0,0,0,0,0,0,0,0,-0.0129332820365402,0,0,0,0,0,0,0
"YJR044C",0,0,0.000668175362769087,0,0.0343287681197966,0,0,0,0,0,0,0,0,0,0.0156464775129647,0,0,0,0,0,0,0,0,0,0,0,-9.23570575982785e-06,0,0,0,0,0,0,0,0,0,0,0,0,0,0.000694332413746071,0
"YJR047C",0,0,0,0,0,0,0,0,0,0,0,0,0,0,0,0,0,0,0,0,0,0,0,0,0,0,0,0.0545563196730976,0,0,0,0,0,0,0,0,0,0,0,0,0,0
"YJR048W",0,0,0,0,0,0,0,0,0,0,0,0,0,0,0,0,0,0,0,0,0,0,0,0,0,0,0,0.0903432127316101,0,0,0,0,0,0,0,0,0,0,0,0,0,0
"YJR077C",0,0,0,0,0,0,0,0.00596420373912268,0,0,0,0,0,0,0,0,0,0,0,0,0,0,0,0,0,-0.295785084844644,0,0,0,0,0,0,0,0,0,0,0,0,0,0,0,0
"YJR078W",0,0,0,0,0,0,0,-0.108886337449365,0,0,0,0,0,0,0,0,0,0,0,0,0,0,0,0,0,-0.0977129344225588,0,0,0,0,0,0,0,0,0,0,0,0,0,0,0,0
"YJR079W",0,0,0,0,0,0,0,-0.0818490394643335,0,0,0,0,0,0,0,0,0,0,0,0,0,0,0,0,0,-0.0765754341099183,0,0,0,0,0,0,0,0,0,0,0,0,0,0,0,0
"YJR088C",0,0,0,0,0,0,0,0,0,0,0,0,0,0,0,0,0,0,0,-0.00344379754608909,0,0,0,0,0,0,0,0,0,0,0,0,0,0,0,0,0,0,0,0,0,0
"YJR089W",0,0,0,0,0,0,0,0,0,0,0,0,0,0,0,0,0,0,0,0.000898554560788721,0,0,0,0,0,0,0,0,0,0,0,0,0,0,0,0,0,0,0,0,0,0
"YJR091C",0,0,0,0,0,0,0,0,0,0,0,0,0,0,0,0,0,0,0,0,0,-0.00281975486279739,0,0,0,0,0,0,0,0,0,0,0.0289001327023705,0,0,0,0,0,0,0,0,0
"YJR092W",0,0,0,0,0,0,0,0,0,0,0,0,0,0,0,0,0,0,0,0,0,0.00175645676117248,0,0,0,0,0,0,0,0,0,0,0.00156604941675872,0,0,0,0,0,0,0,0,0
"YJR094W-A",0,0,0,0,0,0,-0.00455504994480823,0,0,0,0,0,0,0,0,0,0,0,0,0,0,0,0,0,0,0,0,0,0,0,0,0,0,0,0,0,0,0,0,0,0,0
"YJR102C",0,0,0,0,0,0,0,0,0,0,0,0,0,0,0,0,0,0,0,0,0,0,0,0,0,0,0,0,0,0,0,0,0,0,0.00529187264025845,0,0,0,0,0,0,0
"YJR103W",0,0,0,0,0,0,0,0,0,0,0,0,0,0,0,0,0,0,0,0,0,0,0,0,0,0,0,0,0,0,0,0,0,0,0.040392230651032,0,0,0,0,0,0,0
"YJR104C",0,0,0,0,0,0,0,0,0,0,0,0,0,0,0,0,0,0,0,0,0,0,0,0,0,0,0,0.0060514688228609,0,0,0,0,0,0,0,0,0,0,0,0,0,0
"YJR105W",0,0,0,0,0,0,0,0,0,0,0,0,0,0,0,0,0,0,0,0,0,0,0,0,0,0,0,-0.0311271149720399,0,0,0,0,0,0,0,0,0,0,0,0,0,0
"YJR109C",0,0,0,0,0,0,0,0,0,0,0.182545540051388,0,0,0,0,0,0,0,0,0,0,0,0,0,0,0,0,0,0,0,0,0,0,0,0,0,0,0,0,0,0,0
"YJR110W",0,0,0,0,0,0,0,0,0,0,0.0208911321786004,0,0,0,0,0,0,0,0,0,0,0,0,0,0,0,0,0,0,0,0,0,0,0,0,0,0,0,0,0,0,0
"YJR121W",0,0,0,0,0,0,0,0,0,0,0,0,0,0,0,0,0,0,0,0,0,0,0,0,0,-0.194909489601825,0,0,0,0,0,0,0,0,0,0,0,0,0,0,0,0
"YJR132W",0,0,0,0,0,0,0,0,0,0,0,0,0,0,0,0,0,0,0,0,0,0,0,0,0,0,0,0,0,0,0,0,0,0,-0.035467739827214,0,0,0,0,0,0,0
"YJR137C",0,0,0,0,0,0,0,0,0,0,0,0,0,0,0,0,0,0,0,0,0,0,0,0,0,0,0,0,0,0,0,0,0,0,0,0,0,0.148546541287771,0,0,0,0
"YJR138W",0,0,0,0,0,0,0,0,0,0,0,0,0,0,0,0,0,0,0,0,0,0,0,0,0,0,0,0,0,0,0,0,0,0,0,0,0,0.00249173501056882,0,0,0,0
"YJR145C",0,0,0,0,0,0,-0.00107412544005234,0,0,0,0,0,0,0,0,0,0,0,0,0,0,0,0,0,0,0,-0.00109724988791554,0,0,0,0,0,0,0,-0.0201154962113277,0,0,0,0,0,0,0
"YJR147W",0,0,0,0,0,0,-0.000344671202169775,0,0,0,0,0,0,0,0,0,0,0,0,0,0,0,0,0,0,0,-0.0577617761357299,0,0,0,0,0,0,0,-0.0782425980204825,0,0,0,0,0,0,0
"YJR149W",0,0,0,0,0,0,0,0,0,0,0,0,0,0,0,0,0,0,0,0,0,0,0,0,0,0,-0.000488515517358613,0,0,0,0,0,0,0,0,0,0,0,0,0,0,0
"YJR158W",0,0,0,-0.0219890412920466,0,0,0.00668583877747447,0,0,0,0,0,0,0,0,0,0,0,0,0,0,0,0,0.0151412869117461,0,0,0,0,0,0,0,0,0,0,0,0,0,0,-4.44811834587616e-05,0,0,0.0250706699547063
"YKL015W",0,0,0,0,0,0,0,0,0,0,-0.00398468451270475,0,0,0,0,0,0,0,0,0,0,0,0,0,0,0,0,0,0,0,0,0,0,0,0,-0.00517991111637588,0,0,0,0,0,0
"YKL016C",0,0,0,0,0,0,0,0,0,0,0.0382399833112439,0,0,0,0,0,0,0,0,0,0,0,0,0,0,0,0,0,0,0,0,0,0,0,0,0.0167425747149764,0,0,0,0,0,0
"YKL051W",0,0,0,0,0,0,0,0,0,0,0,0,0,0,0,0,0,0,0,0,0,0,0,0,0,0,0,0.0285837863949989,0,0,0,0,0,0,0,0,0,0,0,0,0,0
"YKL052C",0,0,0,0,0,0,0,0,0,0,0,0,0,0,0,0,0,0,0,0,0,0,0,0,0,0,0,0.0120702079797872,0,0,0,0,0,0,0,0,0,0,0,0,0,0
"YKL069W",0,0,0,0,0,0,0,0,0,0,0,0,0,0,0,0,0,0,0,0,0,-0.000428199069897933,0,0,0,0,0,0,0,0,0,0,0,0,0,0,0,0,0,0,0,0
"YKL080W",0,0,0,0,0,0,0,0,0,0,0,0,0,0,0,0,0,0,0,0,0,0,0,0,0,0,0,0,0,0,0,0,0,0,0,-0.0108780976516554,0,0,0,0,0,0
"YKL084W",0,0,0,0,0,0,0,0,0,0,0,0,0,0,0,0,0,0,0,0,0,0,0,0,0,0,-0.000110233612096069,0,0,0,0,0,0,0,0,0,0,0,0,0,0,0
"YKL086W",0,0,0,0,0,0,0,0,0.00989016174888387,0,0,0,0,0,0,0,0,0,0,0,0,0,0,0,0,0,0,0,0,0,0,0,0,0,0,0,0,0,0,0,0,0
"YKL087C",0,0,0,0,0,0,0,0,0.00435779989843748,0,0,0,0,0,0,0,0,0,0,0,0,0,0,0,0,0,0,0,0,0,0,0,0,0,0,0,0,0,0,0,0,0
"YKL095W",0,0,0,0,0,0,0,0,0,0,0,0,0,0,0,0,0,0,0.00832209472153487,0,0,0,0,0,0,0,0,0,0,0,0,0,0,0,0,0,0,0,0,0,0,0
"YKL096W",0,0,0.0103624685485593,0,0,0,0,0,0,0,0,0,0,0,0,0,0,0,-0.0089231565857257,0,0,0,0,0,0,0,0,0,0,0,0,0,0,0,0,0,0,0,0.00467736657690922,0,0,0
"YKL096W-A",0,0,0,0,0,0,0,0,0,0,0,0,0,0,0,0,0,0,0,0,0.102138807036119,0,0,0,0,0,0,0.0610656215822662,0,0,0,0,0,0,0,0,0,0,0,0,0,0
"YKL097C",0,0,0,0,0,0,0,0,0,0,0,0,0,0,0,0,0,0,0,0,-0.00209253348015022,0,0,0,0,0,0,-0.000634233365441911,0,0,0,0,0,0,0,0,0,0,0,0,0,0
"YKL103C",0,0,0,0,0,0,0,0,0.00259848273369314,0,0,0,0,0,0,0,0,0,0,0,0,0,0,0,0,0,0,0,0,0,0,0,0,0,0.167927199536388,0,0,0,0,0,0,0
"YKL110C",0,0,0,0,0,0,0,0,0,0,0,0,0,0,0,0,0,0,0,0,0,0,0,0,0,0,0,0,0,0,0,0,0,0,-0.0532438272092703,0,0,0,0,0,0,0
"YKL118W",0,0,0,0,0,0,0,0,0,0,0,0,0,0,0,0,0,0,0,0,0,0,0,0,0,0,0,0,-0.00430320353287351,0,0,0,0,0,0,0,0,0,0,0,0,0
"YKL120W",0,0,0,0,0,0,0,0,0,0,0,0,0,0,0,0,0,0,0,0,0,0,0,0,0,0,0,0,-0.0156429560504275,0,0,0,0,0,0,0,0,0,0,0,0,0
"YKL132C",0,0,0,0,0,0,0,0,0,0,0,0,0,0,0,0,0,0,0,0,0,0,0,0,0,0,0,0,0,0,0,0,0,0,0,0,0,0,0,0,0,0
"YKL150W",0,0,0,0,0,0,0,0,0,0,0,0,0,0,0,0,0,0,0,0,0,0,0,0,0,0,0.0312991251117855,0,0,0,0,0,0,0,0,0,0,0,0,0,0,0
"YKL151C",0,0,0,0,0,0,0,0,0,0,0,0,0,0,0,0,0,0,0,0,0,0,0,0,0,0,0.0230574657593733,0,0,0,0,0,0,0,0,0,0,0,0,0,0,0
"YKL154W",0,0,0,0,0,0,0,0,-0.00918864525899715,0,0,0,0,0,0,0,0,0,0,0,0,0,0,0,0,0,0,0,0,0,0,0,0,0,0,0,0,0,0,0,0,0
"YKL155C",0,0,0,0,0,0,0,0,-0.00434799121413551,0,0,0,0,0,0,0,0,0,0,0,0,0,0,0,0,0,0,0,0,0,0,0,0,0,0,0,0,0,0,0,0,0
"YKL157W",0,0,0,0,0,0,0,0,0,0,0,0,0,0,0,0,0,0,0,0,0,0.0215232462145264,0,0,0,0,0,0,0,0,0,0,0,0,0,0,0,0,0,0,0,0
"YKL163W",0,0,0,0,0.0615930984440287,0,0,0,0,0,0,0,0,0,0,0,0,0,0,0,0,0,0,0,0,0,0,0,0,0,0,0,0,0,0,0,0,0,0,0,0,0
"YKL164C",0,0,-0.00234673984951703,0,0.0480158427015014,0,0,0,0,0,0,0,0,0,0,0,0,0,0,0,0,0,0,0,0,0,0,0,0,0,0,0,0,0,0,0,0,0,0,0,0,0
"YKL175W",0,0,0,0,0,0,0,0,0,0,0,0,0,0,0,0,0,0,0,0,0,0,0.00955782668373462,0,0,0,0,0,0,0,0,0,0,0,0,0,0,0,0,0,0,0
"YKL176C",0,0,0,0,0,0,0,0,0,0,0,0,0,0,0,0,0,0,0,0,0,0,-0.00456941860957874,0,0,0,0,0,0,0,0,0,0,0,0,0,0,0,0,0,0,0
"YKL177W",0,0,0,0,0,0,0,0,0,0,0,0,0,0,0,0,0,0,0,-0.00146076488551847,0,0,0,0,0,0,0,0,0,0,0,0,0,0,0,0,0,0,0,0,0,0
"YKL179C",0,0,0,0,0,0,0,0,0,0,0,0,0,0,0,0,0,0,0,-0.00693394329808856,0,0,0,0,0,0,0,0,0,0,0,0,0,0,0,0,0,0,0,0,0,0
"YKL186C",0,0,0,0,0.0130191185045671,0,0,0,0,0,0,0,0,0,0,0,0,0,0,0,0,0,0,0,0,0,0,0,0,0,0,0,0,0,0,0,0,0,0,0,0,0
"YKL189W",0,0,0,0,0,0,0,0,0,0,0,0,0,0,0,0,0,0,0.000560760916300751,0,0,0,0,0,0,0,0,0,0,0,0,0,0,0,0,0,0,0,0,0,0,0
"YKR026C",0,0,0,0,0,0,0,0,0,0,0,0,0,0,0,0.00106483246456897,0,0,0,0,0,0,0,0,0,0,0,0,0,0,0,0,0,0,0,0,0,0,0,0,0,0
"YKR033C",0,0,0,0,0,0,0,-0.0186252481058214,0,0,0,0,0,0,0,0,0,0,0,0,0,0,0,0,0,0,0,0,0,0,0,0,0,0,0,0,0,0,0,0,0,0
"YKR035W-A",0,0,0,0,0,0,0,0.000504061957125604,0,0,0,0,0,0,0,0,0,0,0,0,0,0,0,0,0,0,0,0,0,0,0,0,0,0,0,0,0,0,0,0,0,0
"YKR039W",0,0,0,0,0,0,0,0,0,0,0,0,0,0,0,0,0,0,0,0,0,0,0,0,0,0,0,0,0,0,0,0,0,0,0.123871585813339,0,0,0,0,0,0,0
"YKR040C",0,0,0,0,0,0,0,0,0,0,0,0,0,0,0,0,0,0,0,0,-0.00970035143165749,0,0,0,0,0,-0.00460319543949467,0,0,0,0,0,-0.0104792103628648,0,0,0,0,0,0,0,0,0
"YKR041W",0,-0.0261098712961733,0,0,0,0,0,0,0,0,0,0,0,0,0,0,0,0,0,0,0,0,0,0,0,0,0,0,0,0,0,0,0,0,0,0,0,0,0,0,0,0
"YKR042W",0,0,0,0,0,0,0,0,0,0,0,0,0,0,0,0,0,0,0,0,-0.000566413863340852,0,0,0,0,0,0.00467744471791828,0,0,0,0,0,-0.0211495333361617,0,0,0,0,0,0,0,0,0
"YKR046C",0,0,0,0,0,0,0,0,0,0,0,0,0,0,0,0,0,0,0,0,0,0,0,0,0,0,0,0.0750035234054205,0,0,0,0,0,0,0,0,0,0,0,0,0,0
"YKR047W",0,0,0,0,0,0,0,0,0,0,0,0,0,0,0,0,0,0,0,0,0,0,0,0,0,0,0,-0.0525602396721375,0,0,0,0,0,0,0,0,0,0,0,0,0,0
"YKR052C",0,0,0,0,0,0,0,0,-0.00620765720916822,0,0,0,0,0,0,0,0,0,0,0,0,0,0,0,0,0,0,0,0,-0.00938308164750051,0,0,0,0,0,0,0,0,0,0,0,0
"YKR054C",0,0,0,0,0,0,0,0,0,0,0,0,0,0,0,0,0,0,0,0,0,-0.00303869977506661,0,0,0,0,0,0,0,0,0,0,0,0,0,0,0,0,0,0,0,0
"YKR055W",0,0,0,0,0,0,0,0,0,0,0,0,0,0,0,0,0,0,0,0,0,-0.00187960779846607,0,0,0,0,0,0,0,0,0,0,0,0,0,0,0,0,0,0,0,0
"YKR071C",0,0,0,0,0,0,0,0,-0.00612788657831271,0,0,0,0,0,0,0,0,0,0,0,0,0,0,0,0,0,0,0,0,-0.00655926082557249,0,0,0,0,0,0,0,0,0,0,0,0
"YKR091W",0,0,0,0,0,0,0,0,0,0,0,0,0,0,0,0,0,0,0,0,0,0,0,0,0,0,0,0,0,0,0,0,0,0,0,0,0,0,-0.0182648307873231,0,0,0
"YKR093W",0,0,0,0,0,0,0,0,0,0,0,0,0,0,0,0,0,0,0,0,0,0,0,0,0,0,0,0,0,0,0,0,0,0,0,0,0,0,0,0,0,0
"YKR102W",0,0,-0.00112762983248807,0.0074084995844332,0,0,0,0,0,0,0,0,0,0,0,0,0,0,0,0,0,0,0,0,0,0,0,0,0,0,0,0,0,0,0,0,0,0,0,0,0,0
"YLL004W",0,0,0,0,0,0,0,0,0,0,-0.00713381715201855,0,0,0,0,0,0,0,0,0,0,0,0,0,0,0,0,0,0,0,0,0,0,0,0,0,0,0,0,0,0,0
"YLL005C",0,0,0,0,0,0,0,0,0,0,-0.0379385011513792,0,0,0,0,0,0,0,0,0,0,0,0,0,0,0,0,0,0,0,0,0,0,0,0,0,0,0,0,0,0,0
"YLL006W",0,0,0,0,0,0,0,0,0,0,0,0,0,0,0,0,0,0,0,0,0,0,0,0,0,0,0,0,0,0,0,0,0,0,0.00304820800158798,0,0,0,0,0,0,0
"YLL007C",0,0,0,0,0,0,0,0,0,0,0,0,0,0,0,0,0,0,0,0,0,0,0,0,0,0,0,0,0,0,0,0,0,0,0.0180391977557755,0,0,0,0,0,0,0
"YLL015W",0,0,0,0,0,0,0,0,0,0,0,0,0,0,0,0,0,0,0,0,0,0,0,0,0,0,0,0,0,0,0,0,0,0,0,0.00179745903856544,0,0,0,0,0,0
"YLL019C",0,0,0,0,0,0,0,0,0,0,0,0,0,0,0,0,0,0,0,0,0.0460076551521352,0,0,0,0,0,0,0,0,0,0,0,0,0,0,0,0,0,0,0,0,0
"YLL020C",0,0,0,0,0,0,0,0,0,0,0,0,0,0,0,0,0,0,0,0,0.0495919879828897,0,0,0,0,0,0,0,0,0,0,0,0,0,0,0,0,0,0,0,0,0
"YLL027W",-0.0175197825113097,0,0,0,0,0,0,0,0,0,0,0,0,0,0,0,0,-0.00280233666596558,0,0,0,0,0,0,0,0,0,0,0,0,0,0,0,0,0,0,0.00684443181265684,0,0,0,0,0
"YLL033W",0,0,0,0,0,0,0,0,0,0,0,0,0,0,0,0,0,0,0,0,0,0,0,0,0,0,0,0.0136951214020985,0,0,0,0,0,0,0,0,0,0,0,0,0,0
"YLL034C",0,0,0,0,0,0,0,0,0,0,0,0,0,0,0,0,0,0,0,0,0,0,0,0,0,0,0,-0.0804220695335082,0,0,0,0,0,0,0,0,0,0,0,0,0,0
"YLL052C",0,0,0,0,0,0,0,0,0,0,0,0,0,0,0,0,0,0,0,0,0,0,0,0,0,0,0,0,0,0,0,0,0,0,-0.017012741164929,0,0,0,0,0,0,0
"YLL053C",0,0,0,0,0,0,0,0,0,0,0,0,0,0,0,0,0,0,0,0,0,0,0,0,0,0,0,0,0,0,0,0,0,0,-0.0229994115942217,0,0,0,0,0,0,0
"YLL054C",0,0,0,0,0,0,0,0,0,0,0,0,0,0,0,0,0,0,0,0,0,0,0,0,0,0,0,0,0,0,0,0,0,0,-0.0276505250410379,0,0,0,0,0,0,0
"YLL060C",0,0,0,0,0,0,0,0,0.000122459215689394,0,0,0,0,0,0,0,0,0,0,0,0,0,0,0,0,0,0,0,0,0.00235716340631275,0,0,0,0,0,0,0,0,0,0,0,0
"YLR011W",0,0,0,0,0.0252813688901794,0,0,0,0,0,0,0,0,0,0,0,0,0,0,0,0,0,0,0,0,0,0,0,0,0,0,0,0,0,0,0,0,0,0,0,0,0
"YLR012C",0,0,0,0.0197924121253855,0.0132492649401967,0,0,0,0,0,0,0,0,0,0,0,0,0,0,0,0,0,0,0,0,0,0,0,0,0,0,0,0,0,0,0,0,0,0,0,0,0
"YLR027C",0,0,0,0,0,0,0,0,0,0,0,0,0,0,0,0,0,0,0,0,0,0,0,0,0,0,0,0,0,0,0,0,0,0,0,0,0,0,0,0,0,0
"YLR033W",0,0,0,0,0,0,0,0,0,0,0,0,0,0,0,0,0,0,0,0,0,0,0,0,0,0,0,0,0,0,0,0,0,0,0,-0.000220783992343476,0,0,0,0,0,0
"YLR038C",0,0,0,0,0,0,0,0,0,0,0,0,0,0,0,0,0,0,0,0,0,0,0,0,0,-0.220439885365189,0,0,0,0,0,0,0,0,0,0,0,0,0,0,0,0
"YLR047C",0,0,0,0,0,0,0,0,0,0,0,0,0,0,0,0,0,0,0,0,0,0,0,0,0,0,0,0,0,0,0.004578563207838,0,0,0,0,0,0,0,0,0,0,0
"YLR048W",0,0,0,0,0,0,0,0,0,0,0,0,0,0,0,0,0,0,0,0,0,0,0,0,0,0,0,0,0,0,0.00423934718160403,0,0,0,0,0,0,0,0,0,0,0
"YLR061W",0,0,0,0,0,0,0,0,0,0,0,0,0,0,0,-0.00537148754360707,0,0,0,0,0,0,0,0,0,0,0,0,0,0,0,0,0,0,0,0,0,0,0,0,0,0
"YLR065C",0,0,0,0,0,0,0,0,0,0,0,0,0,0,0,0,0,0,0,0,0,0,0,0,0,0,0,0,0,0,0,0,0,0,0,0,0,0,0,0,0,0
"YLR066W",0,0,0,0,0,0,0,0,0,0,0,0,0,0,0,0,0,0,0,0,0,0,0,0,0,0,0,0,0,0,0,0,0,0,0,0,0,0,0,0,0,0
"YLR074C",0,0,0,0,0,0,0,0,0,0,0,0,0,0,0,0,0,0,0,0,0,0,0,0,0,0,0,0,0,-0.000884094550689558,0,0,0,0,0,0,0,0,0,0,0,0
"YLR075W",0,0,0,0,0,0,0,0,0,0,0,0,0,0,0,0,0,0,0,0,0,0,0,0,0,0,0,0,0,-0.005850157905635,0,0,0,0,0,0,0,0,0,0,0,0
"YLR081W",0,0,0,0,0,0,-3.8381988494387e-05,0,0,0,0,0,0,0,0,0,0,0,0,0,0,0,0,0,0,0,0,0,0,0,0,0,0,0,-0.0123045056452965,0,0,0,0,0,-0.00459236500601156,0
"YLR084C",0,0,0,0,0,0,0,0,0,0,0,0,0,0,0,0,0,0,0,0,0,0,0,0,0,0,0,0,0,0,0,0,-0.00296382123311786,0,0,0,0,0,0,0,0,0
"YLR092W",0,0,0,0,0,0.0247226816395867,0,0,0,0,0,0,0,0,0,0,0,0,0,0,0,0,0,0,0,0,0,0,0,0,0,0,0,0,0,0,0,0,0,0,0,0
"YLR105C",0,0,0,0,0,0,0,0,0,0,0,0,0,0,0,0,0,0,-0.00206720402211908,0,0,0,0,0,0,0,0,0,0,0.00570677283740771,0,0,0,0,0,0,0,0,0,0,0,0
"YLR108C",0,0,0,0,0,0,0,0,0.0161299038361521,0,0,0,0,0,0,0,0,0,0,0,0.0638522700267375,0,0,0,0,0,0,-0.0258012998796783,0,-0.026725604305255,0,0,0,0,0,0,0,0,0,0,0,0
"YLR109W",0,0,0,0,0,0,0,0,-0.00198354461003603,0,0,0,0,0,0,0,0,0,0,0,0.071560874801138,0,0,0,0,0,0,-0.0227925898199879,0,-0.031655588798139,0,0,0,0,0,0,0,0,0,0,0,0
"YLR110C",0,0,0,0,0,0,0,0,0,0,0,0,0,0,0,0,0,0,0,0,0,0,0,0,0,0,0,0,0,0,0,0,0,0,0,0,0,0,0.00299934616680504,0,0,0
"YLR111W",0,0,0,0,0,0,0,0,0,0,0,0,0,0,0,0,0,0,0,0,0,0,0,0,0,0,0,0,0,0,0,0,0,0,0,0,0,0,0.00175171370930288,0,0,0
"YLR121C",0,0,0,0,0,0,-0.00299346517004783,0,0,0,0,0,0,0,0,0,0,0,0,0,0,0,0,0,0,0,0,0,0,0,0,0,0,0,-0.00428385945493733,0,0,0,0,0,0,0
"YLR130C",0,0,0,0,0,0,0,0,0,0,0,0,0,0,0,0,0,0,0,0,0,0,0.0206947554953727,0,0,0,0,0,0,0,0,0,0,0,0,0,0,0,0,0,0,0
"YLR152C",0,0,0,0,0,0,0,0,0,0,0,0,0,-0.00104400195749279,0,0,0,0,0,0.000187998009645635,0,0,0,0,0,0,0,0,0,0,0,0,0,0,0,0,0,0,0,0,0,0
"YLR153C",0,0,0,0,0,0,0,0,0,0,0,0,0,0,0,0,0,0,0,0,0,0,0,0,0,0,0,-0.00443742875875766,0,0,0,0,0,0,0,0,0,0,0,0,0,0
"YLR154C",0,0,0,0,0,0,0,0,0,0,0,0,0,0,0,0,0,0,0,0,0,0,0,0,0,0,0,0.0153038489104953,0,0,0,0,0,0,0,0,0,0,0.00239454702233723,0,0,0
"YLR179C",0,0,0,0,0,0,0,0,0,0,0,0,0,0,0,0,0,0,0,0,0,0,0,0,0,0,0,0,0,0,0,0,0,0,0,0,0,9.89651549968616e-05,0,0,0,0
"YLR180W",0,0,0,0,0,0,0,0,0,0,0,0,0,0,0,0,0,0,0,0,0,0,0,0,0,0,0,0,0,0,0,0,0,0,0,0,0,-0.00342484254761924,0,0,0,0
"YLR189C",0,0,0,0,0,0,0,0,0,0,0,0,0,0,0,0,0,0,0,0,0,0,0,0,0,0,0,0,0,0,0,0,0.0185748598984339,0,0,0,0,0,0,0,0,0
"YLR190W",0,0,0,0,0,0,0,0,0,0,0,0,0,0,0,0,0,0,0,0,0,0,0,0,0,0,0,0,0,0,0,0,0.0115988116374002,0,0,0,0,0,0,0,0,0
"YLR194C",0,0,0,0,0.0420504777968209,0,0,0,0,0,0,0,0,0,0,0,0,0,0,0,0,0,0,0,0,0,0,0,0,0,0,0,0,0,0,0,0,0,0,0,0,0
"YLR205C",0,0,0,0,0,0,0,0,0,0,0,0,0,0,0,0,0,0,0,0,0,0,0,0,0,0,0,-0.0110273995887637,0,0,0,0,0,0,0,0,0,0,0,0,0,0
"YLR206W",0,0,0,0,0,0,0,0,0,0,0,0,0,0,0,0,0,0,0,0,0,0,0,0,0,0,0,0.0442029518044408,0,0,0,0,0,0,0,0,0,0,0,0,0,0
"YLR207W",0,0,0,0,-0.00675786095212546,0,0,0,0,0,0,0,0,0,-0.00342548131831093,0,0,0,0,0,0,0,0,0,0,0,0,0,0,0,0,0,0,0,0,0,0,0,0,0,0,0
"YLR213C",0,0,0,0,0,0,0,0,0,0,0,0,0,0,0,0,0,0,0,0,0,0,0,0,0,0,0,-0.0205031155359964,0,0,0,-0.00613007554263201,0,0,0,0,0,0,0,0,0,0
"YLR214W",0,0,0,0,0,0,0,0,0,0,0,0,0,0,0,0,0,0,0,0,0,0,0,0,0,0,0,-0.0784158504214552,0,0,0,0.013917501268665,0,0,0,0,0,0,0,0,0,0
"YLR220W",-0.000667076957519726,0,0,0,0,0,0,0,0,0,0,0,0,0,0,0,0,-0.0083820567838416,0,0,0,0,0,0,0,0,0,0,0,0,0,0,0,0,0,0,-0.00648036544761801,0,0,0,0,0
"YLR255C",0,0,0,0,0,0,0,0,0,0,0,0,0,0,0,0,0,0,0,0,0,0,0,0,0,0,0,-0.0223835026741378,0,0,0,0,0,0,0,0,0,0,0,0,0,0
"YLR273C",0,0,0,0,0,0,0,0,0,0,0,0,0,0,0,0,0,0,0,0,0,0,0,0,0,0,0,0,0,0,-0.00685514826951545,0,0,0,0,0,0,0,0,0,0,0
"YLR274W",0,0,0,0,0,0,0,0,0,0,0,0,0,0,0,0,0,0,0,0,0,0,0,0,0,0,0,0,0,0,0.00609739997427822,0,0,0,0,0,0,0,0,0,0,0
"YLR286C",0,0,0,0,0.0450322942519651,0,0,0,0,0,0,0,0,0,0,0,0,0,0,0,0,0,0,0,0,0,-0.290285849368652,0,0,0,0,0,0.0179842245054635,0,0,0,0,0,0,0,0,0
"YLR287C-A",0,0,0,0,0,0,0,0,0,0,0,0,0,0,0,0,0,0,0,0,0,0,0,0,0,0,-0.0160174767845353,0,0,0,0,0,0,0,0,0,0,0,0,0,0,0
"YLR294C",0,0,0,0,0,0,0.00124223884012145,0,0,0,0,0,0,0,0,0,0,0,0,0,0,0,0,0,0,-0.184329346958995,0,0,0,0,0,0,0,0,0,0,0,0,0,0,0,0
"YLR295C",0,0,0,0,0,0,0.00142101096396246,0,0,0,0,0,0,0,0,0,0,0,0,0,0,0,0,0,0,-0.190230683233854,0,0,0,0,0,0,0,0,0,0,0,0,0,0,0,0
"YLR296W",0,0,0,0,0,0,-0.00179620977557571,0,0,0,0,0,0,0,0,0,0,0,0,0,0,0,0,0,0,-0.0197476302052275,0,0,0,0,0,0,0,0,0,0,0,0,0,0,0,0
"YLR300W",0,0,0.00490092284068919,0,0,0,0,0,0,0,0,0,0,0,0,0,0,0,0,0,0,-0.00537088560874192,0,0,0,0,0,0,0,0,0,0,0.039270515443098,0,0,0,0,0,-0.00111003244409232,0,0,0
"YLR332W",0,0,0,0,0,0,0,0,0,0,0,0,0,0,0,0,0,0,0,0,0,0,0,0,0,0,0,0,0,0,0,0,0,0,0,0,0,0,0.00122874255542866,0,0,0
"YLR336C",0,0,0,0,0,0,0,0,0,0,0,0,0.0118020723713113,0,0,0,0,0,0,0,0,0,0,0,0,0,0,0,0,0,0,0,0,0,0,0,0,0,0,0,0,0
"YLR338W",0,0,0,0,0,0,0,0,0,0,0,0,-0.00861323150993324,0,0,0,0,0,0,0,0,0,0,0,0,0,0,0,0,0,0,0,0,0,0,0,0,0,0,0,0,0
"YLR342W",0,0,0,0,0,0,0,0,0,0,0,0,0,0,0,0,0,0,0,0,0,0,0,0,0,0,0,0,0,0,0,0,0,0,0,0,0,0,-0.0028983531210662,0,0,0
"YLR346C",0,0,0,0,0.0703624436487481,0,0,0,0,0,0,0,0,0,0,0,0,0,0,0,0,0,0,0,0,0,0,0,0,0,0,0,0,0,0,0,0,0,0,0,0,0
"YLR353W",0,0,0,0,0,0,0,0,0,0,0,0,0,0,0,0,0,0,0,0,0,-0.00280380819158494,0,0,0,0,0,0,0,0,0,0,0,0,0,0,0,0,0,0,0,0
"YLR354C",0,0,0,0,0,0,0,0,0,0,0,0,0,0,0,0,0,0,0,0.00201350571029528,0,0,0,0,0,0,0,0,0,0,0,0,0,0,0,0,0,0,0,0,0,0
"YLR355C",0,0,0,0,0,0,0,0,0,0,0.034328003599413,0,0,0,0,0,0,0,0,0,0,0,0,0,0,0,0,0,0,0,0,0,0,0,0,0,0,0,0,0,0,0
"YLR356W",0,0,0,0,0,0,0,0,0,0,0.0806513776337188,0,0,0,0,0,0,0,0,0,0,0,0,0,0,0,0,0,0,0,0,0,0,0,0,0,0,0,0,0,0,0
"YLR389C",0,0,-0.0048878194685353,0,0,0,0,0,0,0,0,0,0,0,0,0,0,0,0,0,0,0,0,0,0,0,0,0,0,0,0,0,0,0,0,0,0,0,0,0,0,0
"YLR390W",0,0,0.00069036357102919,0,0,0,0,0,0,0,0,0,0,0,0,0,0,0,0,0,0,0,0,0,0,0,0,0,0,0,0,0,0,0,0,0,0,0,0,0,0,0
"YLR390W-A",0,0,0.00196849577594053,0,0,0,0,0,0,0,0,0,0,0,0,0,0,0,0,0,0,0,0,0,0,0,0,0,0,0,0,0,0,0,0,0,0,0,-0.00261795295427445,0,0,0
"YLR395C",0,0,0,0,0,0,0,0,0,0,0,0,0,0,0,0,0,0,0,0,0,0,0,0,0,0,0,0.0766566774892426,0,0,0,0,0,0,0,0,0,0,0,0,0,0
"YLR397C",0,0,0,0,0,0,0,0,0,0,0,0,0,-0.00578732197510937,0,0,0,0,0,0,0,0,0,0,0,0,-0.00337119148107473,0,0,0,0,0,0,0,0,0,0,0,0,0,0,0
"YLR399C",0,0,0,0,0,0,0,0,0,0,0,0,0,0,0,0,0,0,0,0,0,0.0189585064346731,0,0,0,0,0,0,0,0,0,0,0.0229649831597996,0,0,0,0,0,0,0,0,0
"YLR400W",0,0,0,0,0,0,0,0,0,0,0,0,0,0,0,0,0,0,0,0,0,0.0567060445005811,0,0,0,0,0,0,0,0,0,0,0.0406628329181925,0,0,0,0,0,0,0,0,0
"YLR406C",0,0,0,0,-0.00999885795283824,0,0,0,0,0,0,0,0,0,0,0,0,0,0,0,0,0,0,0,0,0,0,0,0,0,0,0,0,0,0,0,0,0,0,0,0,0
"YLR407W",0,0,0,0,-0.00489122746942717,0,0,0,0,0,0,0,0,0,0,0,0,0,0,0,0,0,0,0,0,0,0,0,0,0,0,0,0,0,0,0,0,0,0,0,0,0
"YLR413W",0,0,0,0,0,0,-0.00477578494696785,0,0,0,0,0,0,0,0,0,0,0,0,0,0,0,0,0,0,0,0,0,0,0,0,0,0,0,-0.068753808825357,0,0,0,0,0,0,0
"YLR437C",0,0,0,0,0,0,0,0,0,0,0,0,0,0,0,0,0,0,0,0,0,0,0,0,0,0,0,0,0,0,0,0,0,-0.0053786106263158,0,0,0,0,0,0,0,0
"YLR438W",0,0,0,0,0,0,0,0,0,0,0,0,0,0,0,0,0,0,0,0,0,0,0,0,0,0,0,0,0,0,0,0,0,-0.0192664962740137,0,0,0,0,0,0,0,0
"YLR439W",0,0,0,0,0.0144698239086734,0,0,0,0,0,0,0,0,0,0,0,0,0,0,0,0,0,0,0,0,0,0.00550707843896769,0,0,0.00325296790919421,0,0,0.00855393576509084,0,0,0,0,0,0,0,0,0
"YLR452C",0,0,0,0,0,0,0,0,0,0,0,0,0,0,0,0,0,0,0.0311857129488525,0,0,0,0,0,0,0,0,0,0,0,0,0,0,0,0,0,0,0,0,0,0,0
"YLR460C",0,0,0,0,0,0,0,0,0,0,0,0,0,0,0,0,0,0,0,0,0,0,0,0,0,0,0,0,0,-0.0218668754476242,0,0,0,0,0,0,0,0,0,0,0,0
"YLR463C",0,0,0,0,0,0,0,0,0,0,0,0,0,0,-0.00595744531154648,0,0,0,0,0,0,0,0,0,0,0.00306868593503714,0,0,0,0,0,0,0,0,0,0,0,0,0,0,0,0
"YLR465C",0,0,0,0,0,0,0,0,0,0,0,0,0,0,-0.00683904338045454,0,0,0,0,0,0,0,0,0,0,-0.000906116543834548,0,0,0,0,0,0,0,0,0,0,0,0,0,0,0,0
"YLR467W",0,0,0,0,0,0,0,0,0,0,0,0,0,0,0.00488823279514854,0,0,0,0,0,0,0,0,0,0,0.0100319300677643,0,0,0,0,0,0,0,0,0,0,0,0,0,0,0,0
"YML008C",0,0,0,0,0,0,0,0,0,0,0,0,0,0,0,0,0,0,0,0,-0.0164699585661329,0,0,0,0,0,0.0710896598068636,0,0,0,0,0,0,0,0,0,0,0,0,0,0,0
"YML028W",0,0,0,0,0,0,0,0,0,0,0,0,0,0,0,0,0,0,0,0,0,0,0,0,0,0,0,0.00193809044181286,0,0,0,0,0,0,0,0,0,0,0,0,0,0
"YML052W",0,0,0,0,0,0,0,0,0,0,0,0,0,0,0,0,0,0,0,0,0,0,0,0,0,0,0,0,0,0,0,0,0.056361211938436,0,0,0,0,0,0,0,0,0
"YML053C",0,0,0,0,0,0,0,0,0,0,0,0,0,0,0,0,0,0,0,0,0,0,0,0,0,0,0,0,0,0,0,0,0.0367811117359265,0,0,0,0,0,0,0,0,0
"YML054C",0,0,0,0,0,0,0,0,0,0,0,0,0,0,0,0,0,0,0,0,0,0,0,0,0,0,0,0.122394674758955,0,0,0,0,0,0,0,0,0,0,0,0,0,0
"YML063W",0,0,0,0,0,0,0,0,0,0,0,0,0,0,0,0,0,0,0,0,0,0,0,0,0,0,0,0,0,0,0,0,-0.00439559561631976,0,0,0,0,0,0,0,0,0
"YML064C",0,0,0,0,0,0,0,0,0,0,0,0,0,0,0,0,0,0,0,0,0,0,0,0,0,0,0,0,0,0,0,0,-0.00298510148249629,0,0,0,0,0,0,0,0,0
"YML065W",0,0,0,0,0,0,0,0,0,0,0,0,0,0,0,0,0,0,0,0,0,0,0.00440716488501339,0,0,0,0,0,0,0,0,0,0,0,0,0,0,0,0,0,0,0
"YML066C",0,0,0,0,0,0,0,0,0,0,0,0,0,0,0,0,0,0,0,0,0,0,-0.00134330859917718,0,0,0,0,0,0,0,0,0,0,0,0,0,0,0,0,0,0,0
"YML072C",0,0,0,0,0,-0.00380158758702312,0,0,0,0,0,0,0,0,0,0,0,0,0,0,0,0,0,0,0,0,0,0,0,0,0,0,0,0,0,0,0,0,0,0,0,0
"YML075C",0,0,0,0,0,0,0,0,0,0,0,0,0,0,0,0,0,0,0,0,0,0,0,0,0,0,0,-0.0254689726946839,0,0,0,0,0,0,0,0,0,0,0,0,0,0
"YML100W",0,0,0,0,0,0,0,0,0,0,0,0,0,0,0,0,0,0,0,0,0,0,0,0,0,0,0.00481479438248988,0,0,0,0,0,0,0,0,0,0,0,0,0,0,0
"YML101C",0,0,0,0,0,0,0,0,0,0,0,0,0,0,0,0,0,0,0,0,0,0,0,0,0,0,-0.00178795199538462,0,0,0,0,0,0,0,0,0,0,0,0,0,0,0
"YML111W",0,0,0,0,-0.0295089165272557,0,0,0,0,0,0,0,0,0,0,0,0,0,0,0,0,0,0,0,0,0,0,0,0,0,0,0,0,0,0,0,0,0,0,0,0,0
"YML115C",0,0,0,0,0,0,0,0,0,0,0,0,0,0,0,0,0,0,0,0,0,0,0,0,0,0,0,0,0,-0.00381258683930493,0,0,0,0,0,0,0,0,0,0,0,0
"YML116W",0,0,0,0,0,0,0,0,-0.00948987742913957,0,0,0,0,0,0,0,0,0,0,0,0,0,0,0,0,0,0,0,0,-0.00684209830394818,0,0,0,0,0,0,0,0,0,0,0,0
"YML126C",0,0,0,0,0,0,0,0,0,0,0,0,0,0,0,0,0,0,0,0,0,0,0,0,0,0,0,0.000524916351918431,0,0,0,0,0,0,0,0,0,0,0,0,0,0
"YML130C",0,0,0,0,0,0,0,0,0,0,0,0,0,0,0,0,0,0,0,0,0,0,0,0,0,0,0,0,0,0.0010706572779233,0,0,0,0,0,0,0,0,0,0,0,0
"YML131W",0,0,0,0,0,0,0,0,0,0,0,0,0,0,0,0,0,0,0,0,0,0,0,0,0,0,0,0,0,-0.0218166470121133,0,0,0,0,0.0198501082179863,0,0,0,0,0,0,0
"YMR013C",0,0,0,0,0,0,0,0,0,0,0,0,0,0,0,0,0,0,0,0,0,0,0,0,0,0,0,0,0,0,0,0,0,0,0,0,0,0,-0.00305084782575448,0,0,0
"YMR014W",0,0,0,0,0,0,0,0,0,0,0,0,0,0,0,0,0,0,0,0,0,0,0,0,0,0,0,0,0,0,0,0,0,0,0,0,0,0,-0.00367151946713591,0,0,0
"YMR015C",0,0,0,0,0,0,0,0,0,0,0,0,0,0,0,0,0,0,0,0,0,0,0,0,0,0,0,0.0451210317096375,0,0,0,0,0,0,0,0,0,0,0,0,0,0
"YMR017W",0,0,0,0,0,0,0,0,0,0,0,0,0,0,0,0,0,0,0,0,0.0265605680711943,0,0,0,0,0,0,0,0,0,0,0,0,0,0,0,0,0,0,0,0,0
"YMR018W",0,0,0,0,0,0,0,0,0,0,0,0,0,0,0,0,0,0,0,0,0,0,0,0.00387860745077844,0,0,0,0,0,0,0,0,0,0,0,0,0,0,0,0,0,0
"YMR019W",0,0,0,0,0,0,0,0,0,0,0,0,0,0,0,0,0,0,0,0,0,0,0,-0.00232292473830579,0,0,0,0,0,0,0,0,0,0,0,0,0,0,0,0,0,0
"YMR038C",0,0,0,0,0,0,0,0,0.00223368303817084,0,0,0,0,0,0,0,0,0,0,0,0,0,0,0,0,0,0,0,0,-0.0119109997165805,0,0,0,0,0,0,0,0,0,0,0,0
"YMR056C",0,0,0,0,0,0,0,0,0,0,0,0,0,0,0,-0.0137216846345771,0,0,0,0,0,0,0,0,0,0,0,0.0463372925721336,0,0,0,0,0,0,0,0,0,0,0,0,0,0
"YMR062C",0,0,0,0,0,0,0,0,0,0,0.0714381384807772,0,0,0,0,0,0,0,0,0,0,0,0,0,0,0,0,0,0,0,0,0,0,0,0,0,0,0,0,0,0,0
"YMR063W",0,0,0,0,0,0,0,0,0,0,-0.00233023505234944,0,0,0,0,0,0,0,0,0,0,0,0,0,0,0,0,0,0,0,0,0,0,0,0,0,0,0,0,0,0,0
"YMR082C",0,0,0,0,0,0,0,0,0,0,0,0,0,0,0,0,0,0,0,0,0,0,0,0,0,0,0,0,0,0,0,0,0,0,0.00349627428090872,0,0,0,0,0,0,0
"YMR086W",0,0,0,0,0,0,0,0,0,0,0,0,0,0,0,0,0,0,0,0,0,0.00325750810036144,0,0,0,0,0,0,0,0,0,0,0,0,0,0,0,0,0,0,0,0
"YMR108W",0,0,0,0,0,0,0,0,0,0,0,0,0,0,0,0,0,0,0,0,0,0,0,0,0,0,0,0,-0.00277954767025606,0,0,0,0,0,0,0,0,0,0,0,0,0
"YMR134W",0,0,0,0,0,0,0,0,0,0,0,0,0,0,0,0,0,0,0,0,0,0,0,0,0,0,0,-0.0211241262121472,0,0,0,0,0,0,0,0,0,0,0,0,0,0
"YMR135C",0,0,0,0,0,0,0,0,0,0,0,0,0,0,0,0,0.00394758267309401,0,0,0,0.00773299961618,0,0,-0.00622668458091363,0,0,0,0,0,0,0,0,0,0,0,0,0,0,0,0,0,0
"YMR135W-A",0,0,0,0,0.000854405142138889,0,0,0,0,0,0,0,0,0,0,0,0,0,0,0,0,0,0,0,0,0,0,0,0,0,0,0,0,0,0,0,0,0,0,0,0,0
"YMR136W",0,0,0,0,0,0,0,0,0,0,0,0,0,0,0,0,0.00699301627225698,0,0,0,0.0317949025115878,0,0,-0.00258122418567797,0,0,0,0,0,0,0,0,0,0,0,0,0,0,0,0,0,0
"YMR144W",0,0,0,0,0,0,0,0,0,0,0,0,0,0,0,0,0,0,0,0,0,-0.00411600361845065,0,0,0,0,0,0,0,0,0,0,0.0218768227035966,0,0,0,0,0,0,0,0,0
"YMR145C",0,0,0,0,0,0,0,0,0,0,0,0,0,0,0,0,0,0,0,0,0,0,0,0,0,0,0,0.00944404866922203,0,0,0,0,0,0,0,0,0,0,0,0,0,0
"YMR165C",0,0,-0.0010353156442908,0,0,0,0,0,0,0,0,0,0,0,0.000126512176469383,0,0,0,0,0,0,0,0,0,-0.0064877344111952,0,0,0,0,0,0,0,0,0,0,0,0,0,0,0,0,0
"YMR172C-A",0,0,0,0,0.00393935639946258,0,0,0,0,0,0,0,0,0,0,0,0,0,0,0,-0.00390407950237216,0,0,0,0,0,0,0,0,0,0,0,0,0,0,0,0,0,0,0,0,0
"YMR173W",0,0,0,0,-0.0298804301486962,0,0,0,0,0,0,0,0,0,0,0,0,0,0,0,0.268727994003707,0,0,0,0,0,0,0,0,0,0,0,0,0,0,0,0,0,0,0,0,0
"YMR173W-A",0,0,0,0,-0.0281567873638673,0,0,0,0,0,0,0,0,0,0,0,0,0,0,0,0.249660515998599,0,0,0,0,0,0,0,0,0,0,0,0,0,0,0,0,0,0,0,0,0
"YMR177W",0,0,0,0,0,0,0,0,0,0,0,0,0,0,0,0,0,0,0,0,0,0,0,0,0,0,0,0,0,0,0,0,0,0,-0.0458944510817094,0,0,0,0,0,0,0
"YMR183C",0,0,0,0,0,0,0,0,0,0,0,0,0,0,0,0,0,0,0,0,0,0.000525806964893642,0,0,0,0,0,0,0,0,0,0,0,0,0,0,0,0,0,0,0,0
"YMR184W",0,0,0,0,0,0,0,0,0,0,0,0,0,0,0,0,0,0,0,0,0,0.0412502576670363,0,0,0,0,0,0,0,0,0,0,0,0,0,0,0,0,0,0,0,0
"YMR193W",0,0,0,0,0,0,0,0,0,0,0,0,0,0,0,0,0,0,0,0,0,0,0,0,0,0,0,0,0,0,-0.00272305343287219,0,0,0,0,0,0,0,0,-0.00850080603901202,0,0
"YMR196W",0,0,0,0,0,0,0,0,0,0,0,0,0,0,0,0,0,0,0,0,0,0,0,0,0,0,0,0,0,0,0,0,0,0,0,0.0443421645429379,0,0,0,0,0,0
"YMR197C",0,0,0,0,0,0,0,0,0,0,0,0,0,0,0,0,0,0,0,0,0,0.00566135686771245,0,0,0,0,0,0,0,0,0,0,0.0566832891687812,0,0,0,0,0,0,0,0,0
"YMR198W",0,0,0,0,0,0,0,0,0,0,0,0,0,0,0,0,0,0,0,0,0,-0.000719794389191377,0,0,0,0,0,0,0,0,0,0,0.0268120171055777,0,0,0,0,0,0,0,0,0
"YMR199W",0,0,0,0,0,0,0,0,0,0,0,0,0,0,0,0,0,0,0,0,0,0,0,0,0,0,0,0,0,0,0,0,0.0380785366662062,0,0,0,0,0,0,0,0,0
"YMR201C",0,0,0,0,0,0,0,0,0,0,0,0,0,0,0,0,0,0,0,0,0,0,0,0,0,0,0,-0.00370777990318779,0,0,0,0,0,0,0,0,0,0,0,0,0,0
"YMR202W",0,0,0,0,0,0,0,0,0,0,0,0,0,0,0,0,0,0,0,0,0,0,0,0,0,0,0,-0.00290073519287879,0,0,0,0,0,0,0,0,0,0,0,0,0,0
"YMR220W",0,0,0,0,0,0,0,0,0,0,0,0,0,0,0,0,0,0,0,0,0,0,0,0,0,0,0,0.00131029412329157,0,0,0,0,0,0,0,0,0,0,0,0,0,0
"YMR251W-A",0,0,0,0,0.0268485907323137,0,0,0,0,0,0,0,0,0,0,0,0,0,0,0,0,0,0,0,0,0,0,0.217915829423702,0,0,0,0,0,0,0,0,0,0,0,0,0,0
"YMR256C",0,0,0,0,0,0,0,0,0,0,0,0,0,0,0,0,0,0,0,0,0,0,0,0,0,-0.176945395376968,0,0,0,0,0,0,0,0,0,0,0,0,0,0,0,0
"YMR258C",0,0,0,0,0,0,0,0,0,0,0,0,0,0,0,0,0,0,0,0,0,0,0,0,0,0,0,0,0,0,0.0034200853644591,0,0,0,0,0,0,0,0,-0.0142201783610108,0,0
"YMR267W",0,0,0,0,0,0,0,0,0,0,0,0,0,-0.000797801402416427,0,0,0,0,0,0,0,0,0,0,0,0,0,0,0,0,0,0,0,0,0,0,0,0,0,0,0,0
"YMR272C",0,0,0,0,0,0,0,0,0,0,0,0,0,0,0,0,0,0,0,0.007216362275477,0,0,0,0,0,0,0,0,0,0,0,0,0,0,0,0,0,0,0,0,0,0
"YMR282C",0,0,0,0,0,0,0,0,0,0,0,0,0,0,0,0,0,0,0,0,0,0,0,0,0,0,0,-0.00650452226634619,0,0,0,0,0,0,0,0,0,0,0,0,0,0
"YMR283C",0,0,0,0,0,0,0,0,0,0,0,0,0,0,0,0,0,0,0,0,0,0,0,0,0,0,0,0,0,0,0,0,0,0,-0.0301714017186368,0,0,0,0,0,0,0
"YMR304C-A",0,0,0,0,0,0,0,0,0,0,0,0,0,0,0,0,0,0,0,0,0.0299132301660984,0,0,0,0,0,0,0,0,0,0,0,0,0,0,0,0,0,0,0,0,0
"YMR305C",0,0,0,0,0,0,0,0,0,0,0,0,0,0,0,0,0,0,0,0,0.0708682888065287,0,0,0,0,0,0,0,0,0,0,0,0,0,0,0,0,0,0,0,0,0
"YMR306W",0,0,0,0,0,0,0,0,0,0,0,0,0,0,0,0,0,0,0,0,-0.00168461908194067,0,0,0,0,0,0,0,0,0,0,0,0,0,0,0,0,0,0,0,0,0
"YMR315W",0,0,0,0,0,0,0,0,0,0,0,0,0,0,0,0,0,0,0,0.000737915676769889,0,0,0,0,0,0,0,0,0,0,0,0,0,0,0,0,0,0,0,0,0,0
"YMR319C",0,0,0,-0.0277687975234544,0,0,-0.00157240173586038,0,0,0,0,0,0,0,0,0.0212572095995962,0,0,0,0,0,0,0,0,0,0,0,0,0,0,0,0.0136404773323053,0,0,-0.0268530467845552,0,0,0,0,0,0,0.0203537188246287
"YNL004W",0,0,0,0,0,0,0,0,0,0,0.00769386600785812,0,0,0,0,0,0,0,0,0,0,0,0,0,0,0,0,0,0,0,0,0,0,0,0,0,0,0,0,0,0,0
"YNL005C",0,0,0,0,0,0,0,0,0,0,0.00598143826980321,0,0,0,0,0,0,0,0,0,0,0,0,0,0,0,0,0,0,0,0,0,0,0,0,0,0,0,0,0,0,0
"YNL014W",0,0,0,0,0,0,0,0,0,0,0,0,0,0,0,0,0,0,0,0,-0.0869012101916028,0,0,0,0,0,0,0,0,0,0,0,0,0,0,0,0,0,0,0,0,0
"YNL029C",0,0,0,0,0,0,0,0,0,0,0,0,0,0.00180792069253537,0,0,0,0,0,0,0,0,0,0,0,0,0,0,0,0,0,0,0,0,0,0,0,0,0,0,0,0
"YNL040W",0,0,0,0,0,0,0,0,0,0,0,0,0,0,0,0,0,0,0,0,0,0,0,0,0,0,0,0,0,0,0,0,0.0349968050969507,0,0,0,0,0,0,0,0,0
"YNL041C",0,0,0,0,0,0,0,0,0,0,0,0,0,0,0,0,0,0,0,0,0,0,0,0,0,0,0,0,0,0,0,0,-0.00153763659013178,0,0,0,0,0,0,0,0,0
"YNL043C",0,0,0,0,0,0,0,0,0,0,0,0,0,0,0,0,0,0,-0.000481958988823319,0,0,0,0,0,0,0,0,0,0,0,0,0,0,0,0,0,0,0,0,0,0,0
"YNL052W",0,0,0,0,0,0,0,0,0,0,0,0,0,0,0,0,0,0,0,0,0,0,0,0,0,-0.19815936725007,0,0.0407519702658794,0,0,0,0,0,0,0,0,0,0,0,0,0,0
"YNL053W",0,0.000658174730850189,0,0,0,0,0,0,0,0,0,0,0,0,0,0,0,0,0,0,0,0,0,0,0,0,0,0,0,0,0,0,0,0,0,0,0,0,0,0,0,0
"YNL087W",0,0,0,0,0,0,-0.00308475907993584,0,0,0,0,0,0,0,0,0,0,0,0,0,0,0,0,0,0,0,0,0,0,-0.00917741263313205,0,0,0,0,-0.0826903555643208,0,0,0,0,0,0,0
"YNL091W",0,0,0,0,0,0,0,0,0,0,0,0,0,0,0,0,0,0,0,0,0,-0.00150534638980582,0,0,0,0,0,0,0,0,0,0,0,0,0,0,0,0,0,0,0,0
"YNL093W",0,0,0,0,0,0,0,0,0,0,0,0,0,0,0,0,0,0,0,0,0,0.00779370612944029,0,0,0,0,0,0,0,0,0,0,0,0,0,0,0,0,0,0,0,0
"YNL103W",0,0,0,0,0,0,0,0,0,0,0,0,0,0,0,0,0,0,0,0,0,0,0,0,0,0,0,0,0.00128267388417687,0,0,0,0,0,0,0,0,0,0,0,0,0
"YNL104C",0,0,0,0,0,0,0,0,0,0,0,0,0,0,0,0,0,0,0,0,0,0,0,0,0,0,0,0,0.00536910627988475,0,0,0,0,0,0,0,0,0,0,0,0,0
"YNL111C",0,0,0,0,0,0,0,0,0,0,0,0,0,0,0,0,0,0,0,0,0,0,0,0,0,0,0,0.0524507131050878,0,0,0,0,0,0,0,0,0,0,0,0,0,0
"YNL124W",0,0,0,0,0,0,0,0,0,0,0,0,0,0,0,0,0,0,0,0,0,0,0,0,0,0,0,0,0,0,0,0,0,0,0,0,0,0,0,0,0,0
"YNL125C",0,0,0,0,0,0,0,0,0,0,0,0,0,0,0,0,0,0,0,0,0,0,0,0,0,0,0,0,0,0,0,0,0,0,0,0,0,0,0,0,0,0
"YNL134C",0,0,0,0,0,0,0,0,0,0,0,0,0,0,0,0,0,0,0,0,0,0,0,0,0,0,0,0,0,-0.0421583664463321,0,0,0,0,0,0,0,0,0,0,0,0
"YNL145W",0,0,0,0,0,0,0,0,0,0,0,0,0,0,0,0,0,0,0.00287483678363949,0,0,0,0,0,0,0,0,0,0,0,-0.00484220756001878,0,0,0,0,0,0,0,0,0,0,0
"YNL155W",0,0,0,0,0,0,0,0,0,0,0,0,0,0,0,0,0,0,0,0,0,0,0,0,0,0,0,0.0101410923891874,0,0,0,0,0,0,0,0,0,0,0,0,0,0
"YNL156C",0,0,0,0,0,0,0,0,0,0,0,0,0,0,0,0,0,0,0,0,0,0,0,0,0,0,0,0.0426568489608864,0,0,0,0,0,0,0,0,0,0,0,0,0,0
"YNL178W",0,0,0,0,0,0,0.00371989430475312,0,0,0,0,0,0,0,0,0,0,0,0,0,0,0,0,0,0,0,0,0,0,0,0,0,0,0,-0.0797591238765407,0,0,0,0,0,0,0
"YNL192W",0,0,0,0,0.00975723240174122,0,0,0,0,0,0,0,0,0,0,0,0,0,0,0,0,0,0,0,0,0,0,0,0,0,0,0,0,0,0,0,0,0,0,0,0,0
"YNL231C",0,0,0,0,0,0,0,0,0,0,0,0,0,0,0,0,0,0,0,0,0,0,0,0,0,0,0,0.018263450215029,0,0,0,0,0,0,0,0,0,0,0,0,0,0
"YNL232W",0,0,0,0,0,0,0,0,0,0,0,0,0,0,0,0,0,0,0,0,0,0,0,0,0,0,0,0,0,0,0,0,0,0,0,-0.00825756238787411,0,0,0,0,0,0
"YNL236W",0,0,0.00072590656171438,0,0,0,0,0,0,0,0,0,0,0,0.00409502467568128,0,0,0,0,0,0,0,0,0,0,0,0,0,0,0,0,0,0,0,0,0,0,0,0,0,0,0
"YNL238W",0,0,0,0,-0.00768057644777083,0,0,0,0,0,0,0,0,0,0,0,0,0,0,0,0,0,0,0,0,0,0,0,0,0,0,0,0,0,0,0,0,0,0,0,0,0
"YNL241C",0,0,0,0,0.0466071537027183,0,0,0,0,0,0,0,0,0,0,0,0,0,0,0,0,0,0,0,0,0,-0.00949606467153003,0,0,0,0,0,0,0,0,0,0,0,0,0,0,0
"YNL253W",0,0,0,0,0,0,0,0,0,0,0,0,0,0,0,0,0,0,0,0,0,0,0.00389672705097463,0,0,0,0,0,0,0,0,0,0,0,0,0,0,0,0,0,0,0
"YNL254C",0,0,0,0,0,0,0,0,0,0,0,0,0,0,0,0,0,0,0,0,0,0,0.00803284908590394,0,0,0,0,0,0,0,0,0,0,0,0,0,0,0,0,0,0,0
"YNL273W",0,0,0,0,0,0,0,0,0,0,0,0,0,0,0,0,0,0,0,0.00423329904546802,0,0,0,0,0,0,0,0,0,0,0,0,0,0,0,0,0,0,0,0,0,0
"YNL274C",0,0,0,0,0,0,0,0,0,0,0,0,0,0,0,0,0,0,0,0.0176750547655117,0,0,0,0,0,0,0,0,0,0,0,0,0,0,0,0,0,0,0,0,0,0
"YNL277W",0,0,0,0,0,0.00209541396005682,0,0,0,0,0,0,0,0,0,0,0,0,0,0,0,0,0,0,0,0,0,0,0,0,0,0,0,0,0,0,0,0.124549866233095,0,0,0,0
"YNL279W",0,0,0,0,0,0,0,0,0,0,0,0,0,0,0,0,0,0,-0.000216809372590519,0,0,0,0,0,0,0,0,0,0,0,0,0,0,0,0,0,0,0,0,0,0,0
"YNL280C",0,0,0,0,0,0,0,0,0,0,0,0,0,0,0,0,0,0,-0.00394571075008864,0,0,0,0,0,0,0,0,0,0,0,0,0,0,0,0,0,0,0,0,0,0,0
"YNL317W",0,0,0,0,0,0,0,-0.0017468767531972,0,0,0,0,0,0,0,0,0,0,0,0,0,0,0,0,0,0,0,0,0,0,0,0,0,0,0,0,0,0,0,0,0,0
"YNL318C",0,0,0,0,0,0,0,-0.100186196690334,0,0,0,0,0,0,0,0,0,0,0,0,0,0,0,0,0,0,0,0,0,0,0,0,0,0,0,0,0,0,0,0,0,0
"YNL327W",0,0,0,0,0.0322724988868801,0,0,0,0,0,0,0,0,0,0,0,0,0,0,0,0,0,0,0,0,0,-0.0728900528578147,0,0,0,0,0,0,0,0,0,0,0,0,0,0,0
"YNL328C",0,0,0,0,0.0167250360721619,0,0,0,0,0,0,0,0,0,0,0,0,0,0,0,0,0,0,0,0,0,-0.00202391426977546,0,0,0,0,0,0,0,0,0,0,0,0,0,0,0
"YNR019W",0,0,0,0,0,0,0,0,0,0,0,0,0,0,0,0,0,0,0,0,0,0,0,0,0,0,0,0.00852725172262266,0,0,0,0,0,0,0,0,0,0,0,0,0,0
"YNR041C",0,0,0,0,0,0,0,0,0,0,0,0,0,0,0,0,0,0,0,0,0,0,0,0,0,0,0,0.00379678491110266,0,0,0,0,0,0,0,0,0,0,0,0,0,0
"YNR043W",0,0,0,0,0,0,0,0,0,0,0,0,0,0,0,0,0,0,0,0,0,0,0,0,0,0,0,0.00218274378508284,0,0,0,0,0,0,0,0,0,0,0,0,0,0
"YNR070W",0,0,0,-0.0136255285654196,0,0,0,0,0,0,0,0,0,0,0,0,0,0,0,0,0,0,0,0,0,0,0,0,0,0,0,0,0,0,0,0,0,0,0,0,0,0
"YOL023W",0,0,0,0,0,0,0,0,0,0,0,0,0,0,0,0,0,0,0,0,0,-0.00111930401204156,0,0,0,0,0,0,0,0,0,0,0,0,0,0,0,0,0,0,0,0
"YOL030W",0,0,0,0,0,0,0,0,0,0,0,0,0,0,0,0,0,0,0,0,0,0.00453562737372481,0,0,0,0,0,0,0,0,0,0,0,0,0,0,0,0,0,0,0,0
"YOL031C",0,0,0,0,0,0,0,0,0,0,0,0,0,0,0,0,0,0,0,0,0,0.0405395903391716,0,0,0,0,0,0,0,0,0,0,0,0,0,0,0,0,0,0,0,0
"YOL052C-A",0,0,0,0,0,0,0,0,0,0,0,0,0,0,0,0,0,0,0,0,0.489088991227196,0,0,0,0,0,0,0,0,0,0,0,0,0,0,0,0,0,0,0,0,0
"YOL058W",0,0,0,0,0,0,0,0,0,0,0.0657348961366418,0,0,0,0,0,0,0,0,0,0,0,0,0,0,0,0,0,0,0,0,0,0,0,0,0,0,0,0,0,0,0
"YOL064C",0,0,0,0,0,0,0,0,0,0,0.000270682047118062,0,0,0,0,0,0,0,0,0,0,0,0,0,0,0,0,0,0,0,0,0,0,0,0,0,0,0,0,0,0,0
"YOL077W-A",0,0,0,0,0,0,0,0,0,0,0,0,0,0,0.00963054846789752,0,0,0,0,0,0,0,0,0,0,0,0,0,0,0,0,0,0,0,0,0,0,0,0,0,0,0
"YOL078W",0,0,0,0,0,0,0,0,0,0,0,0,0,0,-0.00483777560588611,0,0,0,0,0,0,0,0,0,0,0,0,0,0,0,0,0,0,0,0,0,0,0,0,0,0,0
"YOL080C",0,0,0,0,0,0,0,0,0,0,0,0,0,0,-0.00212207487942814,0,0,0,0,0,0,0,0,0,0,0,0,0,0,0,0,0,0,0,0,0,0,0,0,0,0,0
"YOL083W",0,0,0,0,0,0.00115665213805357,0,0,0,0,0,0,0,0,0,0,0,0,0,0,0,0,0,0,0,0,0,0,0,0,0,0,0,0,0,0,0,0,0,0,0,0
"YOL102C",0,0,0,0,0,0,0,-0.0121704582921446,0,0,0,0,0,0,0,0,0,0,0,0,0,0,0,0,0,0,0,0,0,0,0,0,0,0,0,0,0,0,0,0,0,0
"YOL105C",0,0,0,0,0,0,0,0,0,0,0,0,0,0,0,0.00597746052284451,0,0,0,0,0,0,0,0,0,0,0,0,0,0,0,0,0,0,0,0,0,0,0,0,0,0
"YOL119C",0,0,0,0,0,0,0,0,0,0,0,0,0,0,0,0,0,0,0,0,0,0,0,0,0,0,0,0,0,-0.00340338076817439,0,0,0,0,0,0,0,0,0,0,0,0
"YOL140W",0,0,0,0,0,0,0,0,0,0,-0.0214005274192845,0,0,0,0,0,0,0,0,0,0,0,0,0,0,0,0,0,0,0,0,0,0,0,0,0,0,0,0,0,0,0
"YOL148C",0,0,0,0,0,0,0,0,0,0,0,0,0,-0.000962512448932053,0,0,0,0,0,0,0,0,0,0,0,0,0,0,0,0,0,0,0,0,0,0,0,0,0,0,0,0
"YOL151W",0,0,0,0,0,0,0,0,0,0,0,0,0,0,0,0,0,0,0,0,0,0,0,0,0,0,0,0,0,0,0,0,0,0,0.0483208581206953,0,0,0,0,0,0,0
"YOL152W",0,0,0,0,0,0,0,0,0,0,0,0,0,0,0,0,0,0,0,0,0,0,0,0,0,0,0,0,0,0,0,-0.0221453580911231,0,0,0,0,0,0,0,0,0,0
"YOL154W",0,0,0,0,0,0,0,0,0,0,0,0,0,0,0,0,0,0,0,0,0,0,0,0,0,0,0,0,0,0,0,0,0,0,0,0,0,0,0,0,0,0
"YOL156W",0,0,0,-0.0072946781141089,0,0,-3.55768980905126e-05,0,0,0,0,0,0,0,0,0,0,0,0,0,0,0,0,0,0,0,0,0,0,0,0,0,0,0,-0.0130037698178466,0,0,0,0,0,0,0
"YOL157C",0,0,0,0.0286361049817084,0,0,9.39102359748984e-05,0,0,0,0,0,0,0,0,0,0,0,0,0,0,0,0,0,0,0,0,0,0,0,0,0,0,0,0.0469259899119501,0,0,0,0,0,0,0
"YOR019W",0,0,0,0,0,0,0,0,0,0,0,0,0,0,0,0,0,0,0,0,0,0,0,0,0,0,0,0,0,0,0,0,0,0,0.00642116235746651,0,0,0,0,0,0,0
"YOR047C",0,0,0,0,0,0,0,0,0,0,0,0,0,0,0,0,0,0,0,0,0,0,0,0,0,0,0,0,0,0,0,0,0,0,-0.0165806721688572,0,0,0,0,0,0,0
"YOR049C",0,0,0,0,0,0,-0.00427685881281887,0,0,0,0,0,0,0,0,0,0,0,0,0,0,0,0,0,0,0,0,0,0,0,0,0,0,0,0.0296085953095516,0,0,0,0,0,0,0
"YOR064C",0,0,0,0,0,0,0,0,0,0,0,0,0,0,0,0,0,0,0,0,0,0,0,0,0,-0.0236153014465445,0,0.0193094246662936,0,0,0,0,0,0,0,0,0,0,0,0,0,0
"YOR065W",0,0,0,0,0,0,0,0,0,0,0,0,0,0,0,0,0,0,0,0,0,0,0,0,0,-0.211696469820657,0,0.0795629462872336,0,0,0,0,0,0,0,0,0,0,0,0,0,0
"YOR108W",0,0,0,0,0,0,0,0,0,0,-0.139014694424164,0,0,0,0,0,0,0,0,0,0,0,0,0,0,0,0,0,0,0,0,0,0,0,0,0,0,0,0,0,0,0
"YOR130C",0,0,0,0,0,0,0,0,0,0,0.0308649157599743,0,0,0,0,0,0,0,0,0,0,0,0,0,0,0,0,0,0,0,0,0,0,0,0,0,0,0,0,0,0,0
"YOR138C",0,0,-0.000755453991105204,0.0109909523064114,0.0065887006374564,0,0,0,0,0,0,0,0,0,0,0,0,0,0,0,0,0,0,0,0,0,-0.00714015968414686,0,0,0,0,0,0,0,0,0,0,0,0,0,0,0
"YOR173W",0,0,0,0,0,0,0,0,0.0169237514523363,0,0,0,0,0,0,0,0,0,0,0,0,0,0,0,0,0,0,0,0,0,0,0,0,0,0,0,0,0,0,0,0,0
"YOR178C",0,0,0,0,0,0,-0.0010113416201828,0,0,0,0,0,0,0,0,0,0,0,0,0,0,0,0,0,0,0,0,0,0,0,0,0,0,0,0.0120913018611626,0,0,0,0,0,0,0
"YOR179C",0,0,0,0,0,0,0.00731173132652985,0,0,0,0,0,0,0,0,0,0,0,0,0,0,0,0,0,0,0,0,0,0,0,0,0,0,0,0,0,0,0,0,0,0,0
"YOR213C",0,0,0,0,0,0,0,0.00288337146128072,0,0,0,0,0,0,0,0,0,0,0,0,0,0,0,0,0,0,0,0,0,0,0,0,0,0,0,0,0,0,0,0,0,0
"YOR236W",0,0,0,0,0,0,0,0,0,0,0,0,0,0,0,0,0,0,0,0,0,0,0,0,0.00284856164574567,0,0,0,0,0,0,0,0,0,0,0,0,0,0,0,0,0
"YOR246C",0,0,0,0,0,0,0,0,0,0,0,0,0,0,0,0,0,0,0,0,0,0,0,0,0,0,0,0,0,0,0,0,-0.0221014035523953,0,0,0,0,0,0,0,0,0
"YOR247W",0,0,0,0,0,0,0,0,0,0,0,0,0,0,0,0,0,0,0,0,0,0,0,0,0,0,0,0,0,0,0,0,0.0317647120957235,0,0,0,0,0,0,0,0,0
"YOR268C",0,0,0,0,0,0,0,0,0,0,0,0,0,0,-0.00254572076611142,0,0,-0.00657755956670854,0,0,0,0,0,0,0,0,0,0,0,0,0,0,0,0,0,0,0,0,0,0,0,0
"YOR269W",0,0,0,0,0,0,0,0,0,0,0,0,0,0,-2.34007906499816e-05,0,0,-0.00161817060099621,0,0,0,0,0,0,0,0,0,0,0,0,0,0,0,0,0,0,0,0,0,0,0,0
"YOR271C",0,0,0,0,0,0,0,0,0,0,0,0,0,0,0,0,0,0,0,0,0,0,0,0,0,0,0,0,-0.0106860937591422,0,0,0,0,0,0,0,0,0,0,0,0,0
"YOR273C",0,0,0,0.154443943421161,0,0,0,0,0,0,0,0,0,0,0,0,0,0,0,0,0,0,0,0,0,0,0,0,0,0,0,0,0,0,0,0,0,0,0,0,0,0
"YOR274W",0,0,0,-0.0335127509579648,0,0,0,0,0,0,0,0,0,0,0,0,0,0,0,0,0,0,0,0,0,0,0,0,0,0,0,0,0,0,0,0,0,0,0,0,0,0
"YOR302W",0,0,0,0,0,0,0,0,0,0,0.0269683452566898,0,0,0,0,0,0,0,0,0,0,0,0,0,0,0,0,0,0,0,0,0,0,0,0.0850164870439024,0,0,0,0,0,0,0
"YOR303W",0,0,0,0,0,0,0,0,0,0,0.0249158899334271,0,0,0,0,0,0,0,0,0,0,0,0,0,0,0,0,0,0,0,0,0,0,0,0.0743349426939294,0,0,0,0,0,0,0
"YOR313C",0,0,0,0,0,0,0,-0.0661805850477895,0,0,0,0,0,0,0,0,0,0,0,0,0,0,0,0,0,0,0,0,0,0,0,0,0,0,0,0,0,0,0,0,0,0
"YOR314W",0,0,0,0,0,0,0,0.00308756142712522,0,0,0,0,0,0,0,0,0,0,0,0,0,0,0,0,0,0,0,0,0,0,0,0,0,0,0,0,0,0,0,0,0,0
"YOR315W",0,0,0,0,0,0,-0.006285434978629,0,0,0,0,0,0,0,0,0,0,0,0,0,0,-0.0117992129696513,0,0,0,0,0,0,0,0,0,0,-0.0090306316211211,0,-0.0167176898213605,0,0,0,-0.00279252811482841,0,0,0
"YOR317W",0,0,0,0,0,0,0,0,0,0,0,0,0,0,0,0,0,0,0,0,0,0,0,0,0,0,0,0.222481995859516,0,0,0,0,0,0,0,0,0,0,0,0,0,0
"YOR337W",0,0,0,0,0,0,0,0,0,0,-0.0463739926143746,0,0,0,0,0,0,0,0,0,0,0,0,0,0,0,0,0,0,0,0,0,0,0,0,0,0,0,0,0,0,0
"YOR343C",0,0,0,0,0,0,0,0,0,0,0,0,0,0,0,0,0,0,0.00209160078233464,0,0,0,0,0,0,0,0,0,0,0,0,0,0,0,0,0,0,0,0,0,0,0
"YOR356W",0,0,0,0,0,0,0,0,0,0,0,0,0,0,0,0,0,0,0,0,0,0,0,0,0,0,0,0.0173498909426531,0,0,0,0,0,0,0,0,0,0,0,0,0,0
"YOR365C",0,0,0,0,0,0,0,-0.0551655133461012,0,0,0,0,0,0,0,0,0,0,0,0,0,0,0,0,0,0,0,0,0,0,0,0,0,0,0,0,0,0,0,0,0,0
"YOR367W",0,0,0,0,0,0,0,-0.00350742612072286,0,0,0,0,0,0,0,0,0,0,0,0,0,0,0,0,0,0,0,0,0,0,0,0,0,0,0,0,0,0,0,0,0,0
"YOR381W",0,0,0,0,0,0,0,0,0,0,0,0,0,0,0,0,0,0,0,0,0,0,0,0,0,0,0,0,0,0,0,0,0,0,0.00182825190689927,0,0,0,0,0,0,0
"YPL018W",0,0,0,0,0,0,0,0,0,0,0,0,0,0,0,-0.00729685769743549,0,-0.0147541894802475,0,0,0,0,0,0,0,0,0,0,0,0,0,0,0,0,0,0,0,0,0,0,0,0
"YPL019C",0,0,0,0,0,0,0,0,0,0,0,0,0,0,0,-0.00815688751421458,0,-0.0105890068145006,0,0,0,0,0,0,0,0,0,0,0,0,0,0,0,0,0,0,0,0,0,0,0,0
"YPL024W",0,0,0,0,0,0,0,0,0,0,0,0,0,0,0,0,0,0,0,0,0.0365428653824741,0,0,0,0,0,-0.00141084999017951,0,0,0,0,0,0,0,0,0,0,0,0,0,0,0
"YPL025C",0,0,0,0,0,0,0,0,0,0,0,0,0,0,0,0,0,0,0,0,0.00640994372804075,0,0,0,0,0,0.00421391518878191,0,0,0,0,0,0,0,0,0,0,0,0,0,0,0
"YPL026C",0,0,0,0,0,0,0,0,0,0,0,0,0,0,0,0,0.00428048317799326,0,0,0,0,0,0,0,0,0,0,0,0,0,0,0,0,0,0,0,0,0,0,0,0,0
"YPL028W",0,0,0,0,0,0,0,0,0,0,0,0,0,0,0,0,0,0,0,0,0,0,0,0,0,0,0,0.00396577421308107,0,0,0,0,0,0,0,0,0,0,0,0,0,0
"YPL034W",0,0,0,-0.00455508989262541,0,0,0,0,0,0,0,0,0,0,0,0,0,0,0,0,0,0,0,0,0,0,0,0,0,0,0,0,0,0,0,0,0,0,0,0,0,0
"YPL050C",0,0,0,0,-0.031195642632111,0,0,0,0,0,0,0,0,0,0,0,0,0,0,0,0,0,0,0,0,0,0,0,0,0,0,0,0,0,0,0,0,0,0,0,0,0
"YPL061W",0,0,0,0,0,0,0,0,0,0,0,0,0,0,0,0,0,0,0,0,0,0,0,0,0,0,0,0,0,0,0,0,0,0,-0.0257311277694866,0,0,0,0,0,0,0
"YPL062W",0,0,0,0,0,0,0,0,0,0,0,0,0,0,0,0,0,0,0,-0.00487494368081437,0,0,0,0,0,0,0,0,0,0,0,0,0,0,0,0,0,0,0,0,0,0
"YPL116W",0,0,0,0,0,0,0,0,0,0,0,0,0,0,0,0,0,0,0,0,0,0,0,0,0,0,0,0,0,0,0,0,0.0386345630967583,0,0,0,0,0,0,0,0,0
"YPL117C",0,0,0,0,0,0,0,0,0,0,0,0,0,0,0,0,0,0,0,0,0,0,0,0,0,0,0,0,0,0,0,0,-0.015728709593056,0,0,0,0,0,0,0,0,0
"YPL141C",0,0,0,0,0,0,0,0,0,0,0,0,0,0,0,0,0,0,0,0,0,-0.00756111751458133,0,0,0,0,0,0,0,0,0,0,0,0,0,0,0,0,0,0,0,0
"YPL143W",0,0,0,0,0,0,0,0,0,0,0,0,0,0,0,0,0,0,0,0,0,0,0,0,0,0,0,0,0,0,0,0,0,0,0,0,0,0,0,0,0,0
"YPL155C",0,0,0,0,0,0,0,0,0,0,0,0,0,0,0,0,0,0,0,0,0,0,0,0,0,0,0,0,0,0,0,0,0.0223394422830662,0,0,0,0,0,0,0,0,0
"YPL156C",0,0,0,0,0,0,0,0,0,0,0,0,0,0,0,0,0,0,-0.0070872098239832,0,0,0,0,0,0,0,0,0,0,0,0,0,0,0,0,0,0,0,0,0,0,0
"YPL157W",0,0,0,0,-0.0303472125457495,0,0,0,0,0,0,0,0,0,0,0,0,0,0,0,0,0,0,0,0,0,0,0,0,0,0,0,0,0,0,0,0,0,0,0,0,0
"YPL158C",0,0,0,0,0.0268153359878164,0,0,0,0,0,0,0,0,0,0,0,0,0,0,0,0,0,0,0,0,0,0,0,0,0,0,0,0,0,0,0,0,0,0,0,0,0
"YPL165C",0,0,0,0,0,0,0,0,0,0,0,0,0,0,0,0,0,0,0,0,0,0,0,0,0,0,0,0,0,0,0,0,0,0,-0.00115977824951694,0,0,0,0,0,0,0
"YPL175W",0,0,-0.00174317028682574,0,0,0,0,0,0,0,0,0,0,0,0,0,0,0,0,0,0,0,0,0,0,0,0,0,0,0,0,0,0,0,0,0,0,0,0,0,0,0
"YPL176C",0,0,-0.00234775202225767,0,0,0,0,0,0,0,0,0,0,0,0,0,0,0,0,0,0,0,0,0,0,0,0,0,0,0,0,0,0,0,0,0,0,0,0,0,0,0
"YPL204W",0,0,0,0,0,0,0,0,0,0,0,0,0,0,0,0,0,0,0,0,0,0,0,0,0,0,0,0,0,0,0,0,0,0,0,0.00623691553177373,0,0,0,0,0,0
"YPL206C",0,0,0,0,0,0,0,0,0,0,0,0,0,0,0,0,0,0,0,0,0,0,0,0,0,0,0,0,0,0,0,0,0,0,0,0.0157511403830474,0,0,0,0,0,0
"YPL207W",0.00268811245722435,0,0,0,0,0,0,0,0,0,0,0,0,0,0,0,0,-0.0056524937706198,0,0,0,0,0,0,0,0,0,0,0,0,0,0,0,0,0,0,-0.0067282524802677,0,0,0,0,0
"YPL251W",0,0,0.000605877458965787,-0.00760678256042098,0,0,0,0,0,0,0,0,0,0.0015407426256129,0.00205814221021082,-0.0131606152687991,0,0,0,0,0,0,0,0,0,0,0,0,0,0,0,0,0,0,0,0,0,0,0,0,0,0
"YPL253C",0,0,0.00322047905471504,0.00907400534370018,0,0,0,0,0,0,0,0,0,0.00705420496806319,-0.00095263342865812,-0.00108881907061633,0,0,0,0,0,0,0,0,0,0,0,0,0,0,0,0,0,0,0,0,0,0,0,0,0,0
"YPL265W",0,0,0,0,0,0,0,0,0,0,0,0,0,0,0,0,0,0,0,0,0,0,0,0,0,0,0,0,0,0,0,0,0,0,0,0,0,0,0,0,0,0
"YPL271W",0,0,0,0,0,0,0,0,0,0,0,0,0,0,0,0,0,0,0,0,0,0,0,0,0,-0.300937674883021,0,0,0,0,0,0,0,0,0,0,0,0,0,0,0,0
"YPL283C",0,0,0,0,0,0,0,0,0,0,0,0,0,0,0.00984417515166371,0,0,0,0,0,0,0,0,0,0.00236986508556709,0,0,0,0,0,0,0,0,0,0,0,0,0,0,0,0,0
"YPR013C",0,0,0,0,0,0,0,0,0,0,0,0,0,0,0,0,0,0,0,0,0,0,0,-0.0056697653836784,0,0,0,0,0,0,0,0,0,0,0,0,0,0,0,0,0,0
"YPR020W",0,0,0,0,0,0,0,0,0,0,0,0,0,0,0,0,0,0,0,0,0,0,0,0,0,-0.283665965120375,0,0,0,0,0,0,0,0,0,0,0,0,0,0,0,0
"YPR035W",0,0,0,0,0,0,0,0,0,0,0,-0.00743296146835528,0,0,0,0,0,0,0,0,0,0,0,0,0,0,0,0,0,0,0,0,-0.0397286870796049,0,0,0,0,0,0,0,0,0
"YPR048W",0,0,0,0,0,0,0,0,-0.00709409552010364,0,0,0,0,0,0,0,0,0,0,0,0,0,0,0,0,0,0,0,0,0,0,0,0,0,0,0,0,0,0,0,0,0
"YPR074C",0,0,0,0,0,0,0,0,0,0,0,0,0,0,0,0,0,0,0,-0.00402122281584895,0,0,0,0,0,0,0,0,0,0,0,0,0,0,0,0,0,0,0,0,0,0
"YPR075C",0,0,0,0,0,0,0,0,0,0,0,0,0,0,0,0,0,0,0,0,0,-0.00528164006762132,0,0,0,0,0,0,0,0,0,0,0,0,0,0,0,0,0,0,0,0
"YPR076W",0,0,0,0,0,0,0,0,0,0,0,0,0,0,0,0,0,0,0,-0.0020854956013251,0,0,0,0,0,0,0,0,0,0,0,0,0,0,0,0,0,0,0,0,0,0
"YPR119W",0,0,0,0,0,0,0,0,0,0,0,0,0,0,0,0,0,0,0,0,0,0,0,0,0,0,0,0,0,0,0,0,-0.0136392430549175,0,0,0,0,0,0,0,0,0
"YPR123C",0,0,0,0,0,0,0,0,0,0,0,0,0,0,0,0,0,0,0,0,0,0,0,0,0,0,0,0,0,0,0,-0.00159445368142968,0,0,0,0,0,0,0,0,0,0
"YPR124W",0,0,-0.00152679789785337,0,0,0,0,0,0,0,0,0,0,0,0,0,0,0,0,0,0,0,0,0,0,0,0,0,0,0,0,0.0113592560410469,0,0,0,0,0,0,0,0,0,0
"YPR125W",0,0,0,0,0,0,0,0,0,0,0,0,0,0,0,0,0,0,0,0,0,0,0,0,0,0,0,0,0,0,0,0.00157754419750733,0,0,0,0,0,0,0,0,0,0
"YPR145W",0,0,0,0,0,0,0,0,0,0,0,0.0190165705930477,0,0,0,0,0,0,0,0,0,0,0,0,0,0,0,0,0,0,0,0,0,0,0,0,0,0,0,0,0,0
"YPR149W",0,0,0,0,0,0,-0.00290262359242543,0,0,0,0,0,0,0,0,0,0,0,0,0,0,0,0,0,0,0,0,0,0,0,0,0,0.135870789903637,0,0,0,0,0,0,0,0,0
"YPR151C",0,0,0,0,0,0,0,0,0,0,0,0,0,0,0,0,0,0,0,0,0,0,0,0,0,0,0,0.0317779027947077,0,0,0,0,0,0,0,0,0,0,0,0,0,0
"YPR167C",0,0,0,0,0,-0.0020972599708156,0,0,0,0,0,0,0,0,0,0,0,0,0,0,0,0,0,0,0,0,0,0,0,0,0,0,0,0,0,0,0,0.125703273475195,0,0,0,0
"YPR168W",0,0,0,0,0,-0.0109480525438709,0,0,0,0,0,0,0,0,0,0,0,0,0,0,0,0,0,0,0,0,0,0,0,0,0,0,0,0,0,0,0,-0.0182184538148504,0,0,0,0
"YPR190C",0,0,0,0,0,0,0,0,0,0,0,0,0,0,0,0,0,0,0,0,0,0,0,0,0,-0.00781384355218597,0,0,0,0,0,0,0,0,0,0,0,0,0,0,0,0
"YPR191W",0,0,0,0,0,0,0,0,0,0,0,0,0,0,0,0,0,0,0,0,0,0,0,0,0,-0.239136424279431,0,0,0,0,0,0,0,0,0,0,0,0,0,0,0,0
"YPR195C",0,0,0,0,0,0,0,0,0,0,0,0,0,0,0,0,0,0,0,0,0,0.0065472439863358,0,0,0,0,0,0,0,0,0,0,0,0,0,0,0,0,0,0,0,0
